	sum 	deprecate?	flag for upgrade?	comment
ABCtoolbox/2009	0			
ACTC/1.1-GCCcore-7.3.0	1			
ADMIXMAP/3.8.3103-openmp	0			
ADMIXTURE/1.3.0	1			
ADOL-C/2.6.3-GCCcore-7.3.0	0			
AFNI/18.3.08	249			
AFNI/20170412-foss-2016a-Python-2.7.11	0			
AFNI/2020.0.24	26			
AFNI/2020.1.01	39			
AFNI/linux_openmp_642018.05.21.2138	0			
ANGSD/0.930-foss-2018b	30			
ANGSD/0.933-foss-2018b	10			
ANNOVAR/2018Apr16-foss-2016b-Perl-5.24.1	0			
ANNOVAR/2020Jun08-foss-2018b-Perl-5.28.0	2			
ANTs/2.1.0	212			
ATK/2.20.0-foss-2016a	0			
ATK/2.22.0-foss-2016b	0			
ATK/2.26.0-foss-2017a	0			
ATK/2.28.1-foss-2018b	0			
ATLAS/3.10.2-GCC-5.4.0-2.26-LAPACK-3.6.1	4			
AdapterRemoval/2.2.2-foss-2016b	0			
AdapterRemoval/2.3.1-foss-2018b	22			
Anisotropy/3.0-16-03-2018	0			
Armadillo/9.700.2-foss-2018b	15			
Aspera-CLI/3.9.2.1426.c59787a	1			
Aspera-CLI/3.9.6.1467.159c5b1	0			
Augustus/3.2.3-foss-2016b	8			
Augustus/3.3.3	1			
Autoconf/2.69	1			
Autoconf/2.69-GCC-5.4.0-2.26	1			
Autoconf/2.69-GCCcore-4.9.3	0			
Autoconf/2.69-GCCcore-5.4.0	0			
Autoconf/2.69-GCCcore-6.3.0	0			
Autoconf/2.69-GCCcore-6.4.0	0			
Autoconf/2.69-GCCcore-7.3.0	2			
Autoconf/2.69-foss-2016a	0			
Autoconf/2.69-foss-2016b	0			
Autoconf/2.69-gcccuda-2016.10	0			
Automake/1.15	0			
Automake/1.15-GCC-5.4.0-2.26	1			
Automake/1.15-GCCcore-4.9.3	0			
Automake/1.15-GCCcore-5.4.0	0			
Automake/1.15-GCCcore-6.3.0	0			
Automake/1.15-foss-2016a	0			
Automake/1.15-foss-2016b	0			
Automake/1.15-gcccuda-2016.10	0			
Automake/1.15.1-GCCcore-6.4.0	0			
Automake/1.16.1-GCCcore-7.3.0	1			
Autotools/20150215	0			
Autotools/20150215-GCC-5.4.0-2.26	0			
Autotools/20150215-GCCcore-4.9.3	0			
Autotools/20150215-GCCcore-5.4.0	0			
Autotools/20150215-GCCcore-6.3.0	0			
Autotools/20150215-foss-2016a	0			
Autotools/20150215-foss-2016b	0			
Autotools/20150215-gcccuda-2016.10	0			
Autotools/20170619-GCCcore-6.4.0	0			
Autotools/20180311-GCCcore-7.3.0	1			
BAMM/2.5.0-foss-2016b	34			
BBMap/36.62-foss-2016b-Java-1.8.0_121	994			
BCFtools/1.5-foss-2016b	50			
BCFtools/1.9-foss-2018b	295			
BEDOPS/2.4.20	41			
BEDTools/2.26.0-foss-2016a	3			
BEDTools/2.26.0-foss-2016b	150			
BEDTools/2.27.1-foss-2016b	301			
BEDTools/2.27.1-foss-2018b	829			
BEDTools/2.29.2-foss-2018b	329			
BLASR/5.3-foss-2016a	0			
BLAST+/2.3.0-foss-2016a-Python-2.7.11	0			
BLAST+/2.4.0-foss-2016a-Python-2.7.11	0			
BLAST+/2.6.0-foss-2016b-Python-2.7.13	26			
BLAST+/2.7.1-foss-2016b-Python-2.7.13	6			
BLAST+/2.8.1-foss-2016b-Python-2.7.13	12			
BLAST+/2.8.1-foss-2018b	172			
BLAST/2.2.22-Linux_x86_64	158			
BLAST/2.2.26-Linux_x86_64	92			
BLAT/3.5-foss-2016b	0			
BLAT/3.5-foss-2018b	1			
BUSCO/3.0.2-foss-2016b-Python-2.7.13	6			
BWA/0.7.15-foss-2016a	0			
BWA/0.7.17-foss-2016b	1			
BWA/0.7.17-foss-2018b	448			
BamTools/2.4.1-foss-2016b	0			
BamTools/2.5.1-foss-2016b	15			
BamTools/2.5.1-foss-2018b	1005			
BayeScan/2.1-foss-2016a	0			
Bazel/0.4.4	0			
Bazel/0.5.1-foss-2016b	0			
Beast/1.10.4	119			
Beast/1.8.4	61			
Beast/2.4.4-foss-2016a	0			
Beast/2.4.7-foss-2016b	0			
Beast/2.5.1-foss-2016b	0			
Beast/2.5.2-foss-2018b	110			
Beast/2.5.2-fosscuda-2018b	136			
Bio++/2.4.1-foss-2016b-core	0			
Bio-DB-BigFile/1.07-foss-2018b-Perl-5.28.0	0			
Bio-SamTools/1.43-foss-2016b-Perl-5.24.1	0			
BioPerl/1.7.1-foss-2016a-Perl-5.24.1	0			
BioPerl/1.7.1-foss-2016b-Perl-5.24.1	12			
BioPerl/1.7.2-foss-2018b-Perl-5.28.0	241			
Biopython/1.69-foss-2016a-Python-2.7.11	77			
Bismark/0.22.3-foss-2018b	1			
Bison/2.7	0			
Bison/2.7-GCCcore-6.3.0	0			
Bison/2.7-foss-2016b	0			
Bison/3.0.4	0			
Bison/3.0.4-GCCcore-4.9.3	0			
Bison/3.0.4-GCCcore-4.9.4	0			
Bison/3.0.4-GCCcore-5.4.0	0			
Bison/3.0.4-GCCcore-6.3.0	0			
Bison/3.0.4-GCCcore-6.4.0	0			
Bison/3.0.4-GCCcore-7.3.0	0			
Bison/3.0.4-foss-2016a	0			
Bison/3.0.4-foss-2016b	0			
Bison/3.0.4-gcccuda-2016.10	0			
Bison/3.0.5-GCCcore-7.3.0	1			
Blosc/1.11.1-foss-2016a	5			
Boost/1.54.0-foss-2016b-Python-2.7.12	0			
Boost/1.55.0-foss-2016a-Python-2.7.11	21			
Boost/1.58.0-foss-2016a-Python-2.7.11	106			
Boost/1.58.0-foss-2016b-Python-2.7.11	54			
Boost/1.61.0-foss-2016a	13			
Boost/1.61.0-foss-2016a-Python-2.7.11	1			
Boost/1.61.0-foss-2016b	45			
Boost/1.63.0-foss-2016a-Python-2.7.11	0			
Boost/1.63.0-foss-2016b-Python-2.7.11	0			
Boost/1.63.0-foss-2016b-Python-2.7.13	6			
Boost/1.63.0-foss-2018b-Python-2.7.15	0			
Boost/1.67.0-foss-2018b	341			
Boost/1.68.0-foss-2018b-Python-2.7.15	1			
Bowtie/1.1.2-foss-2016a	0			
Bowtie/1.1.2-foss-2016b	1			
Bowtie/1.2.2-foss-2018b	373			
Bowtie2/2.2.8-foss-2016a	1			
Bowtie2/2.2.8-foss-2016b	3			
Bowtie2/2.2.9-foss-2016a	11			
Bowtie2/2.3.4.1-foss-2016b	101			
Bowtie2/2.3.4.2-foss-2018b	10268			
BreakDancer/1.4.5-foss-2016b	0			
Bsoft/1.9.4	19			
C3D/1.1.0-Linux-x86_64	0			
CAP3/20071221-intel-x86_64	0			
CBLAS/20110120-foss-2016b	0			
CCP4/7.0	1559			
CD-HIT/3.1.1-2007-0131	5			
CFITSIO/3.38-foss-2016a	23			
CFITSIO/3.45-GCCcore-7.3.0	0			
CGAL/4.11.1-foss-2018b-Python-3.7.0	0			
CLAPACK/3.2.1-GCC-6.4.0-2.28	1			
CLAPACK/3.2.1-GCC-7.3.0-2.30	14			
CLHEP/2.3.1.1-foss-2016a	22			
CLIPper/1.2.1-foss-2016b-Python-2.7.13	0			
CMake/3.11.4-GCCcore-7.3.0	1			
CMake/3.12.0	4			
CMake/3.12.1	347			
CMake/3.12.1-GCCcore-7.3.0	6			
CMake/3.15.3-GCCcore-7.3.0	2			
CMake/3.4.1-foss-2016a	1			
CMake/3.4.3-foss-2016a	0			
CMake/3.5.2-foss-2016a	0			
CMake/3.5.2-foss-2016b	0			
CMake/3.6.1-foss-2016b	0			
CMake/3.6.2-foss-2016a	4			
CMake/3.6.2-gcccuda-2016.08	0			
CMake/3.7.2-GCCcore-6.3.0	0			
CMake/3.7.2-foss-2016a	0			
CMake/3.7.2-foss-2016b	0			
CMake/3.7.2-gcccuda-2016.10	1			
CMake/3.9.1	1			
CMake/3.9.1-GCCcore-6.3.0	0			
COPASI/4.27.217-Linux-64bit	0			
CREST/1.0	0			
CTFFIND/4.1.10	0			
CTFFIND/4.1.10-gcccuda-2016.10	41			
CTFFIND/4.1.13	1595			
CTFFIND/4.1.14	149			
CTFFIND/4.1.5-gcccuda-2016.08	7			
CTFFIND/4.1.8-gcccuda-2016.10	7			
CUDA/10.0.130	502			
CUDA/10.1.105	3766			
CUDA/10.1.243	138			
CUDA/6.5.14	0			
CUDA/7.5.18	26			
CUDA/7.5.18-GCC-4.9.4-2.25	12			
CUDA/8.0.44	369			
CUDA/8.0.61	724			
CUDA/9.0.176	653			
CUDA/9.1.85	5			
CUDA/9.1.85-GCC-6.4.0-2.28	4169			
CUDA/9.2.88-GCC-7.3.0-2.30	2759			
CUnit/2.1-3-GCCcore-7.3.0	0			
Caffe/1.0-foss-2016b-CUDA-8.0.61-Python-2.7.13	1			
Celera_Assembler/8.3rc2-foss-2016b-Python-2.7.13	0			
CellProfiler/3.1.3	0			
Chimera/1.11.2-linux_x86_64	0			
Chimera/1.12-linux_x86_64	193			
Chimera/1.14-linux_x86_64	35			
ChimeraSlayer/2010-04-29	2			
Clang/7.0.1-GCC-7.3.0-2.30	279			
Clearcut/1.25.0	2			
Clustal-Omega/1.2.4-foss-2016b	5			
ClustalW2/2.1-foss-2016b	1			
ClusterShell/1.8	1			
ClusterShell/1.8.3	0			
Coot/0.8.9-binary-Linux-x86_64-rhel-6-python-gtk2	2			
CppUnit/1.12.1-GCCcore-7.3.0	0			
Cufflinks/2.2.1-foss-2016a	21			
Cufflinks/2.2.1-foss-2018b	0			
DB/18.1.32-GCCcore-7.3.0	0			
DBD-mysql/4.042-foss-2016a-Perl-5.24.1	1			
DBus/1.11.20-foss-2017a	0			
DBus/1.13.6-GCCcore-7.3.0	2			
DIAMOND/0.9.22-foss-2018b	0			
DIAMOND/0.9.26-foss-2018b	841			
DIYABC/2.1.0	0			
DMTCP/2.6.0-foss-2018b	3			
Desmond/2020.1	1			
DocBook-XSL/1.79.1	0			
DocBook/4.3	0			
Doxygen/1.8.11-foss-2016a	0			
Doxygen/1.8.11-foss-2016b	0			
Doxygen/1.8.13-GCCcore-6.3.0	0			
Doxygen/1.8.14-GCCcore-7.3.0	0			
EIGENSOFT/6.1.4-foss-2016b	38			
EMAN2/2.22-foss-2018b-Python-2.7.15-Boost-1.63.0	0			
EMBOSS/6.6.0-foss-2016b	0			
EMBOSS/6.6.0-foss-2018b	24			
EMMAX/07Mar2010-foss-2016b	0			
EMMAX/20120210-intel-2018b	0			
EasyBuild/3.1.0	0			
EasyBuild/3.1.1	0			
EasyBuild/3.1.2	0			
EasyBuild/3.2.1	0			
EasyBuild/3.3.0	0			
EasyBuild/3.3.1	0			
EasyBuild/3.4.0	0			
EasyBuild/3.4.1	0			
EasyBuild/3.5.0	0			
EasyBuild/3.5.1	0			
EasyBuild/3.5.2	0			
EasyBuild/3.6.0	0			
EasyBuild/3.6.1	0			
EasyBuild/3.6.2	0			
EasyBuild/3.7.0	0			
EasyBuild/3.7.1	0			
EasyBuild/3.8.1	0			
EasyBuild/3.9.0	0			
EasyBuild/3.9.1	0			
EasyBuild/3.9.2	0			
EasyBuild/3.9.3	0			
EasyBuild/3.9.4	0			
EasyBuild/4.0.0	0			
EasyBuild/4.0.1	0			
EasyBuild/4.1.0	0			
EasyBuild/4.1.1	13			
EasyBuild/4.1.2	6			
EasyBuild/4.2.0	0			
EasyBuild/4.2.1	0			
EasyBuild/4.2.2	0			
EasyBuild/4.3.0	16			
Eigen/3.2.3-foss-2016a	20			
Eigen/3.3.4	1172			
Eigen/3.3.7	344			
Emacs/25.1-GCC-4.9.3-2.25	3			
Emacs/26.2-GCCcore-5.4.0	125			
ExaBayes/1.5-foss-2016b-mpi-avx2	0			
ExaBayes/1.5-foss-2016b-mpi-sse	3			
ExaML/3.0.21-gompi-2018b-omp-avx	2			
Exonerate/2.4.0-foss-2016b	1			
FALCON/0.3.0	0			
FASTX-Toolkit/0.0.14-foss-2016a	0			
FASTX-Toolkit/0.0.14-foss-2016b	58			
FFTW/.3.3.5-gcccuda-2016.08	7			
FFTW/3.3.4-gompi-2016a	2200			
FFTW/3.3.4-gompi-2016b	11373			
FFTW/3.3.6-gompi-2017a	98			
FFTW/3.3.6-gompi-2017b	273			
FFTW/3.3.6-intel-2017a	1			
FFTW/3.3.6-pl2-gcccuda-2016.10	45			
FFTW/3.3.8-gompi-2018b	31684			
FFTW/3.3.8-gompic-2018b	2702			
FFmpeg/3.3.1-foss-2016b	0			
FFmpeg/3.3.4-foss-2017a	0			
FFmpeg/3.4.5-foss-2018b	1			
FFmpeg/4.1-foss-2018b	0			
FIESTA/1.0-foss-2016b-Python-2.7.13	0			
FLTK/1.3.3-foss-2016a	96			
FLTK/1.3.4-foss-2018b	1			
FSL/5.0.9-centos6_64	40			
FSL/6.0.0-centos7_64	25			
FSL/6.0.1-centos7_64	4668			
FSL/6.0.3-centos7_64	949			
FSLeyes/0.32.2	3			
FTGL/2.1.3-rc5-foss-2018b	0			
FastME/2.1.5-foss-2016b	0			
FastQC/0.11.5-Java-1.8.0_121	5			
FastQC/0.11.7-Java-1.8.0_121	13790			
FastQC/0.11.8-Java-1.8	63			
FastQ_Screen/0.13.0-foss-2018b-Perl-5.28.0	4			
FastTree/2.1.11-foss-2018b-double	9			
FastUniq/1.1-foss-2016b	21			
Frealign/9.11_151031-gcccuda-2016.08	0			
Frealign/9.11_151031-gcccuda-2016.10	0			
FreeSurfer/6.0.0-centos6_x86_64	195			
FreeSurfer/7.0.0-beta-centos7_x86_64	69			
FreeSurfer/7.1.0-centos7_x86_64	353			
FreeXL/1.0.2-foss-2017a	0			
FriBidi/1.0.5-GCCcore-7.3.0	5			
G-PhoCS/20200601-foss-2018b	0			
GATE/7.2-foss-2016a-Python-2.7.11	23			
GATK/3.7-Java-1.8.0_121	0			
GATK/3.8-0-ge9d806836-Java-1.8	0			
GATK/3.8-1-0-gf15c1c3ef-Java-1.8	337			
GATK/4.1.2.0-Java-1.8	111			
GATK/4.1.8.1-Java-1.8	6			
GCC/.4.9.4-2.25	12			
GCC/4.9.3-2.25	76157			
GCC/4.9.4-2.25	8			
GCC/5.4.0-2.26	12589			
GCC/6.3.0-2.27	110			
GCC/6.4.0-2.28	4517			
GCC/7.3.0-2.30	34837			
GCCcore/.4.9.4	12			
GCCcore/4.9.3	85313			
GCCcore/4.9.4	8			
GCCcore/5.4.0	12407			
GCCcore/6.3.0	113			
GCCcore/6.4.0	4655			
GCCcore/7.3.0	40184			
GConf/3.2.6-foss-2017a	0			
GD/2.71-GCCcore-7.3.0-Perl-5.28.0	1			
GDAL/2.0.2-foss-2016a	27			
GDAL/2.1.0-foss-2016a	129			
GDAL/2.1.0-foss-2016a-serial	0			
GDAL/2.1.0-foss-2016b	1			
GDAL/2.1.1-foss-2016b	4718			
GDAL/2.2.0-foss-2016b	1			
GDAL/2.2.2-foss-2017a-Python-2.7.14-HDF5-1.10.1	0			
GDAL/2.2.3-foss-2016b	1276			
GDAL/2.2.3-foss-2016b-serial	0			
GDAL/2.2.3-foss-2018b-Python-3.7.0	5189			
GDAL/2.4.4-foss-2018b-Python-3.7.0	3188			
GDGraph/1.54-foss-2018b-Perl-5.28.0	4			
GEMMA/0.98.1-foss-2018b	0			
GEOS/3.6.1-foss-2016b-Python-2.7.13	122			
GEOS/3.6.1-foss-2017a-Python-2.7.14	2			
GEOS/3.6.2-foss-2018b-Python-3.7.0	8369			
GL2PS/1.3.9-foss-2016a	97			
GL2PS/1.3.9-foss-2016a-Mesa-11.2.1	0			
GLIMMER/3.02b-foss-2016b	0			
GLPK/4.58-foss-2016a	96			
GLPK/4.61-foss-2016b	5872			
GLib/2.47.5-foss-2016a	96			
GLib/2.48.0-foss-2016a	0			
GLib/2.49.5-foss-2016b	6166			
GLib/2.51.2-foss-2016b	6090			
GLib/2.53.5-GCCcore-6.3.0	2			
GLib/2.54.3-GCCcore-7.3.0	7053			
GLib/2.56.4-GCCcore-7.3.0	16			
GMAP-GSNAP/2018-07-04-foss-2016b	0			
GMP/6.1.0-foss-2016a	1324			
GMP/6.1.0-foss-2016b	180			
GMP/6.1.1-foss-2016a	128			
GMP/6.1.1-foss-2016b	7444			
GMP/6.1.1-gcccuda-2016.10	0			
GMP/6.1.2-GCCcore-6.3.0	67			
GMP/6.1.2-GCCcore-6.4.0	288			
GMP/6.1.2-GCCcore-7.3.0	11535			
GMP/6.1.2-foss-2016b	2			
GObject-Introspection/1.47.1-foss-2016a	96			
GObject-Introspection/1.48.0-foss-2016a	0			
GObject-Introspection/1.48.0-foss-2016b	0			
GObject-Introspection/1.49.1-foss-2016b	11			
GObject-Introspection/1.51.3-foss-2016b	6075			
GObject-Introspection/1.53.5-foss-2017a-Python-2.7.14	2			
GObject-Introspection/1.54.1-foss-2018b-Python-2.7.15	1			
GRASS/7.2.1	0			
GROMACS/2018.4-fosscuda-2018b	100			
GRV/0.1.0	0			
GSL/1.16-foss-2016a	23			
GSL/2.1-foss-2016a	0			
GSL/2.2.1-foss-2016a	1			
GSL/2.3-foss-2016b	5974			
GSL/2.5-GCC-7.3.0-2.30	7305			
GST-plugins-base/0.10.36-foss-2016b	0			
GST-plugins-base/0.10.36-foss-2017a	0			
GStreamer/0.10.36-foss-2016b	0			
GStreamer/0.10.36-foss-2017a	2			
GTK+/2.24.30-foss-2016a	0			
GTK+/2.24.31-foss-2016b	0			
GTK+/2.24.31-foss-2017a	0			
GTK+/2.24.32-foss-2018b	0			
GTOOL/0.7.5	0			
Gaussian/16-A.03_SSE4	81			
Gaussian/16-B.01_AVX	16			
Gaussian/16-C.01_AVX	1			
Gautomatch/0.53-gcccuda-2016.08	1			
Gctf/1.06-fosscuda-2018b	3			
Gctf/1.06-gcccuda-2016.08	10			
Gctf/1.06-gcccuda-2016.10	311			
Gctf/1.18_b2-fosscuda-2018b_sm37_cu9.2	1646			
Gctf/1.18_b2-fosscuda-2018b_sm61_cu9.2	44			
Gdk-Pixbuf/2.35.1-foss-2016a	0			
Gdk-Pixbuf/2.36.0-foss-2016b	11			
Gdk-Pixbuf/2.36.0-foss-2017a	0			
Gdk-Pixbuf/2.36.12-foss-2018b	0			
GeFREALIGN/8.06-gcccuda-2016.10	0			
Geant4/10.02.p01-foss-2016a	24			
GeneTorrent/4.0.0	0			
GenomeTools/1.5.10-Linux_x86_64-64bit-complete	3			
GffCompare/0.10.1-foss-2016b	0			
Ghostscript/9.20-gcccuda-2016.10	0			
Ghostscript/9.23-GCCcore-7.3.0	6943			
GitPython/2.1.11-foss-2018b-Python-3.7.0	19			
Globus-CLI/1.2.0	0			
Globus-CLI/1.2.3	0			
Go/1.11	0			
Go/1.14.6	6			
Gossamer/2017-01-05	8			
Gradle/3.3	1			
GraphMap2/0.6.1-GCCcore-7.3.0	0			
GraphicsMagick/1.3.23-foss-2016a	110			
GraphicsMagick/1.3.30-foss-2016b	0			
Gtk-Doc/1.26-foss-2016b	0			
Guppy/3.4.5	3			
Guppy/3.4.5-cpu	14			
HDF5/1.10.0-patch1-foss-2016b	135			
HDF5/1.10.1-foss-2016a-serial	0			
HDF5/1.10.1-foss-2016b	27			
HDF5/1.10.1-foss-2016b-serial	1295			
HDF5/1.10.1-foss-2017a	67			
HDF5/1.10.1-foss-2018b	1			
HDF5/1.10.2-foss-2018b	8413			
HDF5/1.10.2-foss-2018b-serial	0			
HDF5/1.8.16-foss-2016a	27			
HDF5/1.8.16-foss-2016a-serial	98			
HDF5/1.8.17-foss-2016a	136			
HDF5/1.8.17-foss-2016b	6			
HDF5/1.8.18-foss-2016b	6142			
HDFView/3.0-Java-1.8.0_121-centos7	0			
HISAT2/2.0.5-foss-2016a	1			
HISAT2/2.1.0-foss-2016b	7			
HISAT2/2.1.0-foss-2018b	31			
HISAT2/2.2.0-foss-2018b	5			
HISAT2/2.2.1-foss-2018b-Python-3.7.0	4			
HMMER/3.1b2-foss-2016a	106			
HMMER/3.1b2-foss-2016b	63			
HMMER/3.2.1-foss-2018b	35			
HTSeq/0.10.0-foss-2016b-Python-2.7.13	58			
HTSeq/0.11.2-foss-2018b-Python-3.7.0	191			
HTSeq/0.6.1p1-foss-2016a-Python-2.7.11	1			
HTSeq/0.9.1-foss-2016a-Python-2.7.11	0			
HTSeq/0.9.1-foss-2016b-Python-2.7.13	0			
HTSlib/1.4.1-foss-2016b	88			
HTSlib/1.5-foss-2016b	49			
HTSlib/1.9-foss-2018b	339			
HarfBuzz/1.1.3-foss-2016a	96			
HarfBuzz/1.2.7-foss-2016a	0			
HarfBuzz/1.3.1-foss-2016b	4776			
HarfBuzz/1.4.3-foss-2016b	6105			
HarfBuzz/1.5.1-foss-2017a	0			
HarfBuzz/2.2.0-foss-2018b	5			
HyPhy/2.3.11-foss-2016b	0			
I-TASSER/5.1	11			
ICU/61.1-GCCcore-7.3.0	7095			
IGV/2.4.5-Java-1.8.0_121	9			
IMOD/4.10.10_RHEL7-64_CUDA8.0	3			
IMOD/4.10.14_RHEL7-64_CUDA8.0	202			
IMOD/4.10.28_RHEL7-64_CUDA8.0	273			
IMOD/4.10.45_RHEL7-64_CUDA8.0	340			
IMOD/4.8.65_RHEL7-64_CUDA6.5	1			
IMOD/4.9.0_RHEL7-64_CUDA6.5	2			
IMOD/4.9.2_RHEL6-64_CUDA8.0	41			
IMOD/4.9.4_RHEL6-64_CUDA8.0	28			
IMPUTE2/2.3.2_x86_64_static	0			
IPython/5.1.0-foss-2016a-Python-2.7.11	0			
IPython/5.2.2-foss-2016a-Python-2.7.11	1			
IPython/5.2.2-foss-2016b-Python-2.7.11	0			
IQ-TREE/1.5.5-foss-2016b-avx	0			
IQ-TREE/1.5.5-foss-2016b-mpi	0			
IQ-TREE/1.5.5-foss-2016b-omp	0			
IQ-TREE/1.5.6-foss-2016b-avx	0			
IQ-TREE/1.5.6-foss-2016b-mpi	0			
IQ-TREE/1.5.6-foss-2016b-omp	0			
IQ-TREE/1.6.1-foss-2016b-avx	0			
IQ-TREE/1.6.1-foss-2016b-mpi	0			
IQ-TREE/1.6.1-foss-2016b-omp	0			
IQ-TREE/1.6.10-foss-2016b-avx	0			
IQ-TREE/1.6.10-foss-2016b-mpi	11			
IQ-TREE/1.6.10-foss-2016b-omp	10			
IQ-TREE/1.6.12-GCCcore-7.3.0	314			
IQ-TREE/1.6.12-GCCcore-7.3.0-avx512	4			
IQ-TREE/1.6.12-foss-2018b-mpi	23			
IQ-TREE/1.6.3-foss-2016b-avx	0			
IQ-TREE/1.6.3-foss-2016b-mpi	0			
IQ-TREE/1.6.3-foss-2016b-omp	3			
IRFinder/1.3.1-foss-2018b	0			
ITSTool/2.0.2-GCCcore-5.4.0	0			
ITSTool/2.0.2-foss-2016b	0			
IgPhyML/0.99	0			
ImageJ/1.51k	0			
ImageJ/1.51s	1			
ImageMagick/7.0.8-11-GCCcore-7.3.0	7086			
Infernal/1.0.2	2			
Infernal/1.1.2-foss-2016b	55			
Inspector/2019_update5	0			
JAGS/4.2.0-foss-2016b	5876			
JUnit/4.12-Java-1.8.0_121	0			
JUnit/4.12-Java-1.8.0_92	0			
JasPer/1.900.1-foss-2016b	1			
JasPer/1.900.1-foss-2017a	0			
JasPer/2.0.14-GCCcore-7.3.0	8376			
Java/1.6.0_45	2			
Java/1.7.0_80	84			
Java/1.8.0_121	20428			
Java/1.8.0_212	6027			
Java/1.8.0_261	2954			
Java/1.8.0_92	7511			
Jellyfish/2.2.10-foss-2016b	0			
Jellyfish/2.2.10-foss-2018b	95			
Julia/0.6.0-GCC-5.4.0	0			
Julia/0.6.0-linux-x86_64	29			
Julia/0.7.0-linux-x86_64	0			
Julia/1.0.0-linux-x86_64	1			
JuliaPro/0.6.0.1_build-80	0			
Jupyter/5.8.0-foss-2018b-Python-2.7.15	3			
Kent_tools/20181221-linux.x86_64	38			
Keras/2.0.8-foss-2016b-Python-2.7.13-Tensorflow-1.2.0	8			
KlustaKwik/2.0.1-foss-2016b	0			
Klusters/2.0.0-foss-2016b	0			
LAME/3.100-GCCcore-7.3.0	1			
LAME/3.99.5-foss-2016b	0			
LAME/3.99.5-foss-2017a	0			
LAPACK/3.7.1-foss-2016b	73			
LLVM/3.7.1-foss-2016a	120			
LLVM/3.8.0-foss-2016a	0			
LLVM/3.8.1-foss-2016b	6064			
LLVM/4.0.0-foss-2016b	0			
LLVM/4.0.0-foss-2017a	0			
LLVM/5.0.0-foss-2016b	0			
LLVM/6.0.0-GCCcore-7.3.0	7005			
LMDB/0.9.21-foss-2016b	1			
LMDB/0.9.22-GCCcore-7.3.0	160			
LZO/2.09-foss-2016a	5			
LevelDB/1.18-foss-2016b	1			
LibKlustersShared/2.0.0-foss-2016b	0			
LibTIFF/4.0.6-foss-2016a	239			
LibTIFF/4.0.6-foss-2016b	6701			
LibTIFF/4.0.6-gcccuda-2016.08	7			
LibTIFF/4.0.6-gcccuda-2016.10	137			
LibTIFF/4.0.8-foss-2017a	0			
LibTIFF/4.0.9-GCCcore-7.3.0	8502			
LibTIFF/4.0.9-fosscuda-2018b	1721			
LibUUID/1.0.3-GCCcore-7.3.0	0			
LittleCMS/2.9-GCCcore-7.3.0	6931			
Lua/5.3.4-GCCcore-6.4.0	52			
M4/1.4.17	1			
M4/1.4.17-GCCcore-4.9.3	0			
M4/1.4.17-GCCcore-4.9.4	0			
M4/1.4.17-GCCcore-5.4.0	1			
M4/1.4.17-foss-2016a	0			
M4/1.4.17-foss-2016b	0			
M4/1.4.17-gcccuda-2016.10	0			
M4/1.4.18	0			
M4/1.4.18-GCCcore-5.4.0	0			
M4/1.4.18-GCCcore-6.3.0	0			
M4/1.4.18-GCCcore-6.4.0	0			
M4/1.4.18-GCCcore-7.3.0	2			
MACS2/2.1.1.20160309-foss-2016a-Python-2.7.11	5			
MACS2/2.1.1.20160309-foss-2016b-Python-2.7.13	82			
MACS2/2.2.7.1-foss-2018b-Python-3.7.0	18			
MAFFT/7.429-foss-2018b-with-extensions	23			
MAFFT/7.471-foss-2018b-with-extensions	1			
MARVEL/03-15-2018-foss-2016a	0			
MASSPRF/2018-07-04-foss-2018b	59			
MATLAB/2016b	0			
MATLAB/2017a	444			
MATLAB/2017b	1251			
MATLAB/2018b	1967			
MATLAB/2019b	80834			
MATLAB/2020a	600			
MATLAB/2020b	69			
MCL/14.137-foss-2016b	1			
MCR/R2015b	0			
MCR/R2017b	0			
MCR/R2019a	21			
MCR/R2019b	0			
MCR/R2020a	0			
MEGAcc/7.0.26-1	1			
MEME/4.11.4-foss-2016a	180			
MEME/4.11.4-foss-2016b	344			
METIS/5.1.0-foss-2016a	97			
MIA/1.0-foss-2016b	0			
MMseqs2/4-0b8cc-AVX2	0			
MOSAIK/2.2.26-foss-2016b-20140328-e04c80	0			
MPC/1.0.3-foss-2016b-MPFR-3.1.5	0			
MPFR/3.1.4-foss-2016b	0			
MPFR/3.1.5-foss-2016b	0			
MPFR/4.0.1-GCCcore-7.3.0	19			
MPICH/3.2-GCC-4.9.3-2.25	13			
MRIcron/2MAY2016	212			
MRtrix3/3.0_RC3-foss-2016b	194			
MRtrix3/3.0_RC3-foss-2018b	21			
MRtrix3/3.0_RC4-foss-2018b	3			
MUSCLE/3.8.31	3			
MUSCLE/3.8.31-foss-2016a	0			
MaSuRCA/3.2.2-foss-2016b	0			
MaSuRCA/3.2.8-foss-2016b	0			
MaSuRCA/3.3.0b-foss-2016b	0			
Mako/1.0.4-foss-2016b-Python-2.7.12	0			
Mako/1.0.6-foss-2016b-Python-2.7.13	0			
Mako/1.0.6-foss-2017a-Python-2.7.13	0			
Mako/1.0.7-foss-2018b-Python-2.7.15	1			
Maq/0.7.0	0			
MariaDB/10.1.14-foss-2016a	1			
MarsBaR/0.44	0			
MathGL/2.4.1-foss-2018b	0			
Mathematica/11.0.1	1			
Mathematica/11.1.1	1			
Mesa/11.1.2-foss-2016a	120			
Mesa/11.2.1-foss-2016a	0			
Mesa/12.0.2-foss-2016b	6064			
Mesa/17.0.2-foss-2016b	0			
Mesa/17.0.2-foss-2017a	0			
Mesa/18.1.1-foss-2018b	7167			
Metal/2011-03-25-foss-2016b	0			
MikeNet/8.0-foss-2016a	0			
Miniconda2/4.3.31	0			
Miniconda3/4.3.31	0			
Mono/5.18.0.225-foss-2018b	0			
Mothur/1.25.0	2			
Mothur/1.44.0	1			
MotionCor2/01-30-2017-gcccuda-2016.10	0			
MotionCor2/06-07-2017-gcccuda-2016.10	0			
MotionCor2/06-12-2017-gcccuda-2016.10-fixed	0			
MotionCor2/06-26-2017-gcccuda-2016.10	4			
MotionCor2/1.0.0-gcccuda-2016.10	7			
MotionCor2/1.0.5-gcccuda-2016.10	0			
MotionCor2/1.1.0-gcccuda-2016.10	128			
MotionCor2/1.1.1-fosscuda-2018b	7			
MotionCor2/1.2.1-fosscuda-2018b	2			
MotionCor2/1.2.2-fosscuda-2018b	1552			
MotionCor2/1.2.6-fosscuda-2018b	2			
MotionCor2/1.3.1-fosscuda-2018b	0			
MotionCor2/1.3.2-fosscuda-2018b	176			
MotionCor2/10-19-2016-gcccuda-2016.08	7			
MountainView/0.5.3	0			
MrBayes/3.2.6-foss-2016a	0			
MrBayes/3.2.6-foss-2016b	27			
Multiz-TBA/012109-foss-2016b	0			
NAMD/2.12	0			
NAMD/2.12-multicore	15			
NAMD/2.12-multicore-CUDA	0			
NASM/2.11.08-GCCcore-5.4.0	125			
NASM/2.11.08-foss-2016a	138			
NASM/2.11.08-foss-2016b	0			
NASM/2.12.01-foss-2016a	0			
NASM/2.12.02	1			
NASM/2.12.02-foss-2016a	129			
NASM/2.12.02-foss-2016b	5989			
NASM/2.12.02-gcccuda-2016.10	0			
NASM/2.13.01-GCCcore-6.3.0	0			
NASM/2.13.03-GCCcore-7.3.0	8445			
NDManager/2.0.0-foss-2016b	0			
NGS/1.2.5-foss-2016a	1			
NGS/1.2.5-foss-2016b	6			
NGS/2.9.3-foss-2018b-Java-1.8	36			
NLopt/2.4.2-GCCcore-7.3.0	7115			
NLopt/2.6.1-GCCcore-7.3.0	0			
NPhys-Data/2.0.0-foss-2016b	0			
NSPR/4.20-GCCcore-7.3.0	2			
NSS/3.39-GCCcore-7.3.0	2			
NWS/1.6.3	597			
NeuroScope/2.0.0-foss-2016b	0			
NeuroSuite/2.0.0-foss-2016b	0			
Nextflow/19.07.0	0			
Nim/0.18.0	0			
Octave/3.8.1	3			
Octave/3.8.1-foss-2016b	3			
Octave/4.0.0-foss-2016a	96			
OligoArray/2.1-foss-2016b	95			
OligoArrayAux/3.8-foss-2016b	74			
OpenBLAS/0.2.15-GCC-4.9.3-2.25-LAPACK-3.6.0	2219			
OpenBLAS/0.2.18-GCC-5.4.0-2.26-LAPACK-3.6.1	11638			
OpenBLAS/0.2.19-GCC-6.3.0-2.27-LAPACK-3.7.0	99			
OpenBLAS/0.2.20-GCC-6.4.0-2.28	4459			
OpenBLAS/0.3.1-GCC-7.3.0-2.30	34056			
OpenCV/3.4.10-foss-2018b-Python-3.7.0	0			
OpenJPEG/2.3.0-foss-2016b	11			
OpenMPI/.1.10.3-gcccuda-2016.08	7			
OpenMPI/1.10.2-GCC-4.9.3-2.25	76102			
OpenMPI/1.10.3-GCC-5.4.0-2.26	11587			
OpenMPI/1.10.3-gcccuda-2016.08	0			
OpenMPI/1.10.3-iccifort-2016.3.210-GCC-5.4.0-2.26	806			
OpenMPI/2.0.1-iccifort-2017.1.132-GCC-5.4.0-2.26	0			
OpenMPI/2.0.2-GCC-6.3.0-2.27	103			
OpenMPI/2.0.2-iccifort-2017.1.132-GCC-6.3.0-2.27	1			
OpenMPI/2.1.1-GCC-6.4.0-2.28	290			
OpenMPI/2.1.1-iccifort-2018.3.222-GCC-7.3.0-2.30-64bitintegers	1			
OpenMPI/2.1.2-GCC-6.4.0-2.28	0			
OpenMPI/3.1.1-GCC-7.3.0-2.30	31773			
OpenMPI/3.1.1-gcccuda-2018b	2703			
OpenMPI/3.1.1-iccifort-2018.3.222-GCC-7.3.0-2.30	4621			
OpenMPI/3.1.1-iccifort-2018.3.222-GCC-7.3.0-2.30-64bit	0			
OpenMPI/3.1.3-GCC-5.4.0-2.26-cw464	10			
OpenPGM/5.2.122-GCCcore-7.3.0	3			
OpenPGM/5.2.122-foss-2016a	1			
OpenPGM/5.2.122-foss-2016b	7277			
OpenPGM/5.2.122-foss-2017a	67			
OpenSlide/3.4.1-foss-2016b	11			
OrthoFinder/2.2.6-foss-2016b-Python-2.7.13	0			
OrthoFinder/2.2.7-foss-2016b-Python-2.7.13	2			
PALEOMIX/1.2.12-foss-2016b-Python-2.7.13	0			
PALEOMIX/1.2.14-foss-2018b-Python-2.7.15	22			
PAML/4.9e-foss-2016a	1			
PAML/4.9j-foss-2018b	2			
PCRE/8.38-foss-2016a	249			
PCRE/8.38-foss-2016b	6957			
PCRE/8.38-intel-2017.01	0			
PCRE/8.39-foss-2016b	6154			
PCRE/8.39-gcccuda-2016.10	0			
PCRE/8.40-foss-2016b	6091			
PCRE/8.41-GCCcore-6.3.0	2			
PCRE/8.41-GCCcore-7.3.0	8631			
PEAR/0.9.11-foss-2018b	0			
PEET/1.11.0	0			
PEET/1.11.1	0			
PEET/1.11.1Patch1	0			
PGI/18.1-GCC-6.4.0-2.28	82			
PHYLDOG/5f0ea37-foss-2016b	0			
PLINK/1.90-beta3.45	12			
PLINK/1.90-beta3.46	36			
PLINK/1.90-beta4.6	595			
PLINK/1.90-beta5.3	1882			
PLINK/2_avx2_20180428	62			
PLINK/2_x86_64_20180428	317			
POLYSOLVER/v4	0			
PRINSEQ/0.20.4-foss-2016b-Perl-5.24.1	50			
PROJ/4.9.2-foss-2016a	154			
PROJ/4.9.2-foss-2016b	5881			
PROJ/4.9.3-foss-2017a	0			
PROJ/5.0.0-foss-2018b	8360			
Pandoc/2.0.4	55			
Pango/1.39.0-foss-2016a	96			
Pango/1.40.1-foss-2016a	0			
Pango/1.40.12-foss-2017a	0			
Pango/1.40.3-foss-2016b	19			
Pango/1.42.4-foss-2018b	5			
ParsInsert/1.04	2			
PartitionFinder/2.1.1-foss-2016a-Python-2.7.11	5			
Perl/5.22.1-foss-2016a	215			
Perl/5.22.1-foss-2016b	1			
Perl/5.24.0-foss-2016a	2			
Perl/5.24.0-foss-2016b	128			
Perl/5.24.1-foss-2016a	109			
Perl/5.24.1-foss-2016b	77			
Perl/5.24.1-foss-2017a	14			
Perl/5.26.0-GCCcore-6.4.0	0			
Perl/5.26.0-foss-2016b	64			
Perl/5.28.0-GCCcore-7.3.0	786			
Phenix/1.11.1-2575	1			
Phenix/1.13-2998	23			
PhyML/3.3.20180214-foss-2016b	0			
PhyloBayes-MPI/20170808-foss-2016b	107			
PhyloBayes/4.1c-foss-2016b	1			
PhyloWGS/smchet5-foss-2016b-Python-2.7.13	42			
Pilon/1.22-Java-1.8.0_121	0			
Pilon/1.23	1			
Plotly/3.1.0-foss-2016b-Python-2.7.13	0			
Porechop/v0.2.3	0			
Porechop/v0.2.4-foss-2018b	0			
PostgreSQL/9.6.1-foss-2016b	1298			
Pplacer/1.1	2			
Primer3/2.3.7-foss-2016b	0			
Prokka/1.12	0			
PyCairo/1.10.0-foss-2016b-Python-2.7.13	0			
PyClone/0.13.1-foss-2016b-Python-2.7.13	0			
PyPy/5.6-portable	0			
PyPy/5.6.0	0			
PyQt/4.12-foss-2016a-Python-2.7.11	0			
PyQt/4.12-foss-2016b-Python-2.7.11	0			
PyQt/4.12.3-foss-2018b-Python-2.7.15	0			
PyQt5/5.13.1-foss-2018b-Python-3.7.0	0			
PySlurm/17.11.2-foss-2016b-Python-2.7.13	0			
PyTables/3.3.0-foss-2016a-Python-2.7.11	5			
PyYAML/3.12	1			
PyYAML/3.12-foss-2016b-Python-2.7.13	11			
PyYAML/3.13-foss-2018b-Python-3.7.0	16			
PyZMQ/15.3.0-foss-2016a-Python-2.7.11-zmq4	0			
PyZMQ/15.4.0-foss-2016a-Python-2.7.11-zmq4	1			
PyZMQ/15.4.0-foss-2016b-Python-2.7.11-zmq4	0			
Pysam/0.10.0-foss-2016a-Python-2.7.11	0			
Pysam/0.10.0-foss-2016b-Python-2.7.13	22			
Pysam/0.14.1-foss-2016b-Python-2.7.13	436			
Pysam/0.15.1-foss-2018b-Python-3.7.0	200			
Pysam/0.15.3-foss-2018b-Python-2.7.15	47			
Pysam/0.15.3-foss-2018b-Python-3.7.0	14			
Pysam/0.9.1.4-foss-2016a-Python-2.7.11	0			
Python/2.7.11-foss-2016a	1223			
Python/2.7.11-foss-2016b	180			
Python/2.7.12-foss-2016b	0			
Python/2.7.13-GCCcore-6.3.0-bare	0			
Python/2.7.13-foss-2016b	1885			
Python/2.7.13-foss-2016b-avx2	1			
Python/2.7.14-foss-2017a	67			
Python/2.7.15-GCCcore-7.3.0-bare	16			
Python/2.7.15-foss-2018b	142			
Python/2.7.15-fosscuda-2018b	1			
Python/3.5.1-foss-2016a	63			
Python/3.6.2-foss-2017b	280			
Python/3.7.0-foss-2018b	8810			
Python/3.7.0-fosscuda-2018b	2561			
Python/miniconda	557			
QCTOOL/2.0-foss-2016b-rc7-CentOS6.8	186			
QIIME/1.8	2			
QIIME/1.8-full-install	2			
QUAST/4.5-foss-2016b-Python-2.7.13	0			
Qhull/2015.2-foss-2016a	96			
Qt/4.8.7-foss-2016a	96			
Qt/4.8.7-foss-2016b	183			
Qt/4.8.7-foss-2018b	63			
Qt5/5.12.8-foss-2018b	2			
Qt5/5.7.0-foss-2016b	3			
Quast/5.0.0.dev0	0			
Queue/3.8-1-0-gf15c1c3ef-Java-1.8	0			
Quip/1.1.8-GCCcore-4.9.3	1			
R-bundle-Bioconductor/3.4-foss-2016a-R-3.3.2	54			
R-bundle-Bioconductor/3.5-foss-2016b-R-3.4.1	136			
R-scape/0.8.2-foss-2016b	1			
R/3.2.3-foss-2016a	27			
R/3.3.1-foss-2016a	3			
R/3.3.2-foss-2016a	125			
R/3.4.1-foss-2016b	5965			
R/3.4.2-foss-2016b-fh2	28			
R/3.5.0-foss-2016b-avx2	1606			
R/3.6.1-foss-2018b	7388			
RAxML-NG/0.5.1-foss-2016b-pthreads-sse3	2			
RAxML/7.3.0	2			
RAxML/8.2.11-foss-2016b-hybrid-avx2	1			
RAxML/8.2.11-foss-2016b-hybrid-sse3	0			
RAxML/8.2.11-foss-2016b-pthreads-avx2	0			
RAxML/8.2.11-foss-2016b-pthreads-sse3	1			
RAxML/8.2.9-foss-2016a-hybrid-avx2	0			
RAxML/8.2.9-foss-2016a-hybrid-sse3	0			
RAxML/8.2.9-foss-2016a-pthreads-avx2	0			
RAxML/8.2.9-foss-2016a-pthreads-sse3	1			
RDP-Classifier/2.2-Java-1.6.0_45	2			
RELION/2.0.3-gcccuda-2016.08	7			
RELION/2.0.3-gcccuda-2016.10	11			
RELION/2.1-gcccuda-2016.10-1080ti	29			
RELION/2.1-gcccuda-2016.10-k80	14			
RELION/2.1.b1-gcccuda-2016.10-cc37	0			
RELION/2.1.b1-gcccuda-2016.10-cc61	0			
RELION/3.0.4-fosscuda-2018b	47			
RELION/3.0.5-fosscuda-2018b	132			
RELION/3.0.8-fosscuda-2018b	1788			
RELION/3.0.8-intel-2018b	60			
RELION/3.0beta-fosscuda-2018b-2018-09-25	0			
RELION/3.0beta-fosscuda-2018b-2018-10-02	0			
RELION/3.0beta-fosscuda-2018b-2018-12-05	0			
RELION/3.0beta-fosscuda-2018b-340fd22	0			
RELION/3.1beta-fosscuda-2018b-2019-10-15	1			
RELION/3.1beta-fosscuda-2018b-2019-11-13	10			
RELION/3.1beta-fosscuda-2018b-2020-01-22	6			
RELION/3.1beta-fosscuda-2018b-2020-02-12	106			
RELION/3.1beta-fosscuda-2018b-2020-06-17	143			
RELION/3.1beta-intel-2018b	1			
RELION/3.1beta-intel-2018b-2020-03-09	46			
RELION/devel-gcccuda-2016.10	0			
REMORA/1.8.2-foss-2016a	0			
REMORA/1.8.2-foss-2016b	0			
RMBlast/2.2.28-foss-2016a-Python-2.7.11	106			
RMBlast/2.2.28-foss-2016b-Python-2.7.11	56			
RNAz/2.1-foss-2016b	0			
ROME/1.1.0-intel-2017.01	0			
ROOT/v5.34.34-foss-2016a-Python-2.7.11	23			
ROOT/v6.08.02-foss-2016a-Python-2.7.11	0			
RSEM/1.3.0-foss-2016a	3			
RSEM/1.3.0-foss-2016b	130			
RSeQC/2.6.4-foss-2016a-Python-2.7.11-R-3.3.2	0			
RStudio/1.0.136-foss-2016a-R-3.3.2	0			
RStudio/1.1.383-foss-2016b-R-3.4.1	1			
RStudio/1.2.5033	706			
RTAX/0.984	2			
RapMap/0.12.0-foss-2016b	0			
Rasqual/2020-10-07-GCC-7.3.0-2.30	10			
Rclone/1.42	0			
Rclone/1.49.1	0			
Rclone/1.50.2	40			
Rclone/1.51.0	9			
RepeatMasker/4.0.7	116			
RepeatMasker/4.0.7-Perl-5.26.0	65			
RepeatModeler/1.0.10	0			
ResMap/1.1.4-gcccuda-2016.08-linux64	7			
ResMap/1.1.4-gcccuda-2016.10-linux64	45			
ResMap/1.95-fosscuda-2018b-2018-09-28	1648			
Roary/20180926	0			
Rosetta/3.10	58			
SAMtools/0.1.17-foss-2016b	87			
SAMtools/0.1.19-foss-2016a	20			
SAMtools/0.1.20-foss-2018b	5			
SAMtools/1.3.1-foss-2016a	6			
SAMtools/1.5-foss-2016b	22			
SAMtools/1.9-foss-2016b	331			
SAMtools/1.9-foss-2018b	25632			
SCons/2.5.0-foss-2016b-Python-2.7.13	1			
SCons/3.0.5-foss-2018b	0			
SDL2/2.0.9-foss-2018b	0			
SHAPEIT/2.r837.GLIBCv2.12	36			
SIP/4.18.1-foss-2016a-Python-2.7.11	0			
SIP/4.19-foss-2016a-Python-2.7.11	0			
SIP/4.19-foss-2016b-Python-2.7.11	0			
SIP/4.19-foss-2016b-Python-2.7.12	0			
SIP/4.19.13-foss-2018b-Python-2.7.15	0			
SNAP-Korf/2013-11-29-foss-2016b	0			
SNAP/1.0beta.23-foss-2016b	1			
SNAPE-pooled/28	0			
SNPTEST/2.5.2	0			
SNPTEST/2.5.4-beta3	1			
SOAPnuke/2.0-foss-2016b	0			
SPAdes/3.12.0	0			
SPAdes/3.13.1	2			
SPIDER/22.10-foss-2016a	0			
SPIDER/25.02	0			
SPM/12	21			
SPM/12-r7771	8			
SPM/8	0			
SPRING/spring_v0-86-1661	5			
SQLite/3.13.0-foss-2016a	130			
SQLite/3.13.0-foss-2016b	7406			
SQLite/3.13.0-gcccuda-2016.10	0			
SQLite/3.17.0-GCCcore-6.3.0	67			
SQLite/3.17.0-foss-2016b	12			
SQLite/3.20.1-GCCcore-6.4.0	281			
SQLite/3.24.0-GCCcore-7.3.0	11193			
SQLite/3.9.2-foss-2016a	1304			
SQLite/3.9.2-foss-2016b	182			
SRA-Toolkit/2.10.7-centos_linux64	5			
SRA-Toolkit/2.8.2-1-centos_linux64	0			
SRA-Toolkit/2.9.4-centos_linux64	1516			
STAR-Fusion/1.6.0-foss-2018b-Perl-5.28.0	0			
STAR/2.5.3a-foss-2016b	20			
STAR/2.5.4b-foss-2016b	186			
STAR/2.7.0f-foss-2018b	35			
STAR/2.7.3a-foss-2018b	503			
SVScore/0.6-GCCcore-7.3.0	25			
SWIG/3.0.12-foss-2016b-Python-2.7.13	0			
SWIG/3.0.12-foss-2017a-Python-2.7.14	0			
SWIG/3.0.12-foss-2018b-Python-3.7.0	0			
Salmon/0.14.1-foss-2018b	90			
Salmon/0.8.2	3			
SalmonTE/0.3	1			
ScaLAPACK/2.0.2-gompi-2016a-OpenBLAS-0.2.15-LAPACK-3.6.0	2196			
ScaLAPACK/2.0.2-gompi-2016b-OpenBLAS-0.2.18-LAPACK-3.6.1	11374			
ScaLAPACK/2.0.2-gompi-2017a-OpenBLAS-0.2.19-LAPACK-3.7.0	98			
ScaLAPACK/2.0.2-gompi-2017b-OpenBLAS-0.2.20	275			
ScaLAPACK/2.0.2-gompi-2018b-OpenBLAS-0.3.1	31525			
ScaLAPACK/2.0.2-gompic-2018b-OpenBLAS-0.3.1	2690			
Scrappie/1.4.2-foss-2018b	0			
SeqAn/2.3.2-foss-2016b	56			
SimpleQueue/3.1	1275			
Singularity/2.2.1-GCC-5.4.0-2.26	0			
Singularity/2.3.1-GCC-5.4.0-2.26	0			
Singularity/2.3.2-GCC-5.4.0-2.26	0			
Singularity/2.4-GCC-5.4.0-2.26	0			
Singularity/2.4-patch	0			
Singularity/2.4.2	174			
Singularity/2.4.2-GCC-5.4.0-2.26	0			
Singularity/2.4.2-patch	0			
Situs/2.8-foss-2016b	0			
Spark/2.4.5	0			
Stacks/1.46-foss-2016a	0			
Stacks/1.46-foss-2016b	0			
Stacks/1.48-foss-2016b	0			
Stacks/2.0Beta9-foss-2016b	0			
Stacks/2.1-foss-2016b	0			
Stacks/2.4-foss-2016b	3			
Stampy/1.0.3.1-foss-2016a-Python-2.7.11	0			
Stata/14.0	0			
Stata/15	62			
StdEnv	16507			
Stow/2.2.2-foss-2016b	0			
Strelka/2.9.2-foss-2016a	0			
Strelka/2.9.2-foss-2016b	0			
StringTie/1.3.3b-foss-2016b	0			
StringTie/2.0-foss-2018b	9			
Structure/2.3.4	0			
SublimeText/3.0_3143	0			
Subread/2.0.0-GCC-7.3.0-2.30	48			
SuiteSparse/4.5.1-foss-2016a-METIS-5.1.0	97			
Summovie/1.0.2	1725			
Summovie/1.0.2-gcccuda-2016.08	7			
Summovie/1.0.2-gcccuda-2016.10	45			
Swinger/0.92	0			
Synapse/1.7.2-foss-2016b-Python-2.7.13	11			
Synapse/1.9.3-foss-2018b-Python-3.7.0	13			
Szip/2.1-foss-2016a	260			
Szip/2.1-foss-2016b	6124			
Szip/2.1.1-GCCcore-6.3.0	67			
Szip/2.1.1-GCCcore-7.3.0	8262			
Szip/2.1.1-foss-2016b	1297			
T-Coffee/11.00.8cbe486_linux_x64	4			
TBABM/0.6.7-alpha1-ct	4			
TBABM/0.6.7-alpha2	10			
TBABM/0.6.8	36			
TBABM/0.6.9	22			
TBABM/0.8.2	2			
TBABM/0.8.3	18			
TBABM/0.8.4	8			
TBABM/0.9.0	2			
TBABM/0.9.1	6			
TEToolkit/1.5.1-foss-2016b-Python-2.7.13	0			
THUNDER/1.3.5-foss-2016b	0			
TPMCalculator/0.0.2-foss-2018b	4			
TRAPeS/1f3251e-foss-2016b-Python-2.7.13	0			
TRAPeS/f5a4761-foss-2016b-Python-2.7.13	0			
TandemRepeatsFinder/4.0.9	160			
Tcl/8.6.4-foss-2016a	4953			
Tcl/8.6.4-foss-2016b	493			
Tcl/8.6.5-GCCcore-6.3.0	167			
Tcl/8.6.5-foss-2016a	336			
Tcl/8.6.5-foss-2016b	66877			
Tcl/8.6.5-gcccuda-2016.10	0			
Tcl/8.6.6-GCCcore-6.3.0	167			
Tcl/8.6.6-foss-2016b	2			
Tcl/8.6.7-GCCcore-6.4.0	596			
Tcl/8.6.7-foss-2016b	4842			
Tcl/8.6.8-GCCcore-7.3.0	26406			
Tk/8.6.4-foss-2016a-no-X11	4915			
Tk/8.6.4-foss-2016b-no-X11	499			
Tk/8.6.5-GCCcore-6.3.0	167			
Tk/8.6.5-foss-2016a	334			
Tk/8.6.5-foss-2016b	62292			
Tk/8.6.5-gcccuda-2016.10	0			
Tk/8.6.6-foss-2016b	2			
Tk/8.6.7-foss-2016b	4829			
Tk/8.6.7-foss-2017b	26			
Tk/8.6.8-GCCcore-7.3.0	21909			
Tkinter/2.7.15-foss-2018b-Python-2.7.15	10			
Tkinter/3.6.2-foss-2017b-Python-3.6.2	26			
Tkinter/3.7.0-foss-2018b-Python-3.7.0	678			
Tkinter/3.7.0-fosscuda-2018b-Python-3.7.0	5237			
Tomo3D/_January2015	702			
Tomo3D/gpu	0			
Tomo3D/hybrid	0			
TopHat/2.1.1-foss-2016a	63			
TopHat/2.1.1-foss-2016b	32			
TopHat/2.1.2-foss-2018b	456			
Trim_Galore/0.6.2-foss-2018b-Python-3.7.0	4			
Trimmomatic/0.36	427			
Trinity/2.2.0-foss-2016a	0			
Trinity/2.4.0-foss-2016a	0			
Trinity/2.4.0-foss-2016b	0			
Trinity/2.6.5-foss-2016b	2			
Trinity/2.8.4-foss-2018b	307			
TurboVNC/2.1.2	2			
UDUNITS/2.1.24-foss-2016b	7997			
UDUNITS/2.2.26-foss-2016b	2			
UDUNITS/2.2.26-foss-2018b	16081			
USEARCH/5.2.236	4			
USEARCH/6.1.544	1			
UnRAR/5.5.8-foss-2016b	26			
Unblur/1.0.2	4914			
Unblur/1.0.2-gcccuda-2016.08	12			
Unblur/1.0.2-gcccuda-2016.10	200			
V-Phaser/2.0-foss-2016b	0			
VAPPER/1.1.0	6			
VCFtools/0.1.14-foss-2016a-Perl-5.22.1	2451			
VMD/1.9.3-foss-2018b-Python-2.7.15	2			
VV/1.4.0	0			
Valgrind/3.13.0-foss-2016b	5			
VarScan/2.4.2-Java-1.8.0_121	60			
VarTrix/1.1.16	0			
Velvet/1.2.10-foss-2016b-mt-kmer_191	0			
ViennaRNA/2.4.11-foss-2018b-Python-3.7.0	10			
Vim/8.2.0324-GCCcore-7.3.0	0			
VinaLC/1.3.0-foss-2018b	108			
X11/20160819-foss-2016b	60528			
X11/20170314-GCCcore-6.3.0	26			
X11/20170314-foss-2016b	0			
X11/20171023-GCCcore-6.4.0	26			
X11/20180604-GCCcore-7.3.0	22051			
XML-LibXML/2.0132-GCCcore-7.3.0-Perl-5.28.0	328			
XML-Parser/2.44_01-GCCcore-6.4.0-Perl-5.26.0	0			
XML-Parser/2.44_01-GCCcore-7.3.0-Perl-5.28.0	0			
XML-Parser/2.44_01-foss-2017a-Perl-5.24.1	26			
XMedCon/0.14.1-foss-2016b	0			
XWAS/3.0	2			
XZ/5.2.2-foss-2016a	705			
XZ/5.2.2-foss-2016a-gettext-0.19.7	4			
XZ/5.2.2-foss-2016b	67935			
XZ/5.2.2-gcccuda-2016.10	0			
XZ/5.2.3-GCCcore-6.3.0	167			
XZ/5.2.3-GCCcore-6.4.0	610			
XZ/5.2.4-GCCcore-7.3.0	66983			
Yasm/1.3.0-GCCcore-7.3.0	0			
Yasm/1.3.0-foss-2016b	0			
Yasm/1.3.0-foss-2017a	0			
ZeroMQ/4.1.4-foss-2016a	0			
ZeroMQ/4.1.4-foss-2016b	59969			
ZeroMQ/4.1.5-foss-2016a	4			
ZeroMQ/4.1.5-foss-2016b	0			
ZeroMQ/4.2.0-foss-2016b	9312			
ZeroMQ/4.2.2-foss-2017a	167			
ZeroMQ/4.2.5-foss-2018b	8			
amber/18tools19	65			
ant/1.10.1-Java-1.8.0_121	1			
ant/1.10.5-Java-1.8	105			
argtable/2.13-foss-2016b	5			
arpack-ng/3.3.0-foss-2016a	96			
arpack-ng/3.4.0-foss-2016b	0			
arpack-ng/3.5.0-foss-2018b	15			
attr/2.4.48-GCCcore-7.3.0	2			
awscli/1.14.38-foss-2016b-Python-2.7.13	6			
bcftools/1.10.2-119-g42942b4	5			
bcl2fastq2/2-20-0-foss-2016a	35			
bcl2fastq2/2.19.1-foss-2016a	24			
beagle-lib/2.1.2-foss-2016a	0			
beagle-lib/2.1.2-foss-2016b	27			
beagle-lib/3.0.2-foss-2016b	0			
beagle-lib/3.0.2-foss-2018b	110			
beagle-lib/3.0.2-fosscuda-2018b	254			
bedtools/2.29.2-41-g4ebba70	2			
bfactor/1.04	0			
binutils/.2.25-GCCcore-4.9.4	12			
binutils/2.25	0			
binutils/2.25-GCCcore-4.9.3	76126			
binutils/2.25-GCCcore-4.9.4	8			
binutils/2.26	0			
binutils/2.26-GCCcore-5.4.0	12219			
binutils/2.27	0			
binutils/2.27-GCCcore-6.3.0	113			
binutils/2.28	0			
binutils/2.28-GCCcore-6.3.0	0			
binutils/2.28-GCCcore-6.4.0	4598			
binutils/2.30	0			
binutils/2.30-GCCcore-7.3.0	39390			
blasr/smrtanalysis-2.1-foss-2016a	0			
bpp-core/2.2.0-foss-2016b	0			
bpp-core/2.4.1-foss-2016a	0			
bpp-core/2.4.1-foss-2016b	0			
bpp-phyl/2.2.0-foss-2016b	0			
bpp-phyl/2.4.1-foss-2016b	0			
bpp-seq/2.2.0-foss-2016b	0			
bpp-seq/2.4.1-foss-2016a	0			
bpp-seq/2.4.1-foss-2016b	0			
breseq/0.32.1-foss-2016b	72			
bzip2/1.0.6	1			
bzip2/1.0.6-GCCcore-5.4.0	5879			
bzip2/1.0.6-GCCcore-6.3.0	67			
bzip2/1.0.6-GCCcore-6.4.0	275			
bzip2/1.0.6-GCCcore-7.3.0	31116			
bzip2/1.0.6-foss-2016a	1454			
bzip2/1.0.6-foss-2016b	8187			
bzip2/1.0.6-gcccuda-2016.10	0			
cURL/7.47.0-foss-2016a	123			
cURL/7.49.1-foss-2016a	130			
cURL/7.49.1-foss-2016b	7331			
cURL/7.52.1-foss-2016a	1232			
cURL/7.52.1-foss-2016b	420			
cURL/7.54.0-GCCcore-6.3.0	67			
cURL/7.60.0-GCCcore-7.3.0	28535			
cairo/1.14.10-GCCcore-6.3.0	0			
cairo/1.14.12-GCCcore-7.3.0	7083			
cairo/1.14.6-foss-2016a	97			
cairo/1.14.6-foss-2016a-GLib-2.48.0	0			
cairo/1.14.6-foss-2016b	5900			
canu/1.6-foss-2016b	0			
canu/1.7-foss-2016b	1			
cdbfasta/for_qiime	2			
cellranger/2.1.1	30			
cellranger/3.0.2	120			
cellranger/3.1.0	14			
cgpBattenberg/3.3.0	42			
cisTEM/1.0.0-beta	9			
configparser/3.5.0-foss-2016a-Python-2.7.11	0			
cuDNN/5.0-CUDA-7.5.18	1			
cuDNN/5.1-CUDA-8.0.44	1			
cuDNN/6.0-CUDA-8.0.44	0			
cuDNN/6.0-CUDA-8.0.61	6			
cuDNN/7.1.1-CUDA-9.1.85	4			
cuDNN/7.1.4-CUDA-9.0.176	613			
cuDNN/7.6.2.24-CUDA-10.0.130	450			
cuDNN/7.6.2.24-CUDA-10.1.105	3777			
cutadapt/1.18-foss-2018b-Python-2.7.15	1			
cutadapt/1.18-foss-2018b-Python-3.7.0	93			
cutadapt/1.9.1-foss-2016b-Python-2.7.11	26			
cutadapt/1.9.1-foss-2016b-Python-2.7.13	124			
cyrus-sasl/2.1.26-foss-2016b	1266			
dSQ/0.1	0			
dSQ/0.2	0			
dSQ/0.3	0			
dSQ/0.4	0			
dSQ/0.5	0			
dSQ/0.6	0			
dSQ/0.7	0			
dSQ/0.8	220			
dSQ/0.9	0			
dSQ/0.91	0			
dSQ/0.92	0			
dSQ/0.93	0			
dSQ/0.94	0			
dSQ/0.95	0			
dSQ/0.96	1055			
dSQ/1.0	2			
dSQ/1.01	0			
dSQ/1.02	1			
dSQ/1.03	1			
dSQ/1.04	0			
dSQ/1.05	821			
dadi/1.7.0-foss-2016b-Python-2.7.13	172			
damageproto/1.2.1-foss-2016a	0			
dbus-glib/0.108-foss-2017a	0			
dcm2niix/3-Jan-2018	5			
deepTools/2.5.4-foss-2016b-Python-2.7.13	0			
deepTools/3.1.0-foss-2016b-Python-2.7.13	0			
deepTools/3.1.1-foss-2016b-Python-2.7.13	6			
deepTools/3.3.0-foss-2016b-Python-2.7.13	491			
dtcmp/1.1.0-gompi-2018b	2			
dtcmp/1.1.0-iimpi-2018b	1			
elastix/4.8	0			
emClarity/1.0	0			
emClarity/1.1.2	0			
emClarity/1.3.0	6			
emClarity/1.4.3	17			
emClarity/1.5.1.0	0			
entrypoints/0.2.2-foss-2016a-Python-2.7.11	0			
epic/0.2.9-foss-2016b-Python-2.7.13	0			
ete2/2.3.10-foss-2016b-Python-2.7.13	42			
eudev/3.1.5-foss-2016a	120			
expat/2.1.0-foss-2016a	145			
expat/2.1.1-foss-2016a	0			
expat/2.2.0-GCCcore-6.3.0	0			
expat/2.2.0-foss-2016a	130			
expat/2.2.0-foss-2016b	6137			
expat/2.2.0-gcccuda-2016.10	0			
expat/2.2.4-GCCcore-6.4.0	22			
expat/2.2.5-GCCcore-7.3.0	11183			
fastStructure/1.0-foss-2016a-Python-2.7.11	1			
fastStructure/1.0-foss-2016b-Python-2.7.13	1			
fastp/0.20.1-GCCcore-7.3.0	6			
fastq-tools/0.8-foss-2016b	0			
fastsimcoal/26	97			
fgwas/0.3.6-foss-2016b	4			
fiji/1.51n	0			
file/5.28-foss-2016a	1			
file/5.28-foss-2016b	6			
file/5.35-GCCcore-7.3.0	35			
fiona/0.2.9-foss-2016b	0			
fixesproto/5.0-foss-2016a	0			
fixesproto/5.0-foss-2016b	0			
flex/2.5.39	0			
flex/2.5.39-GCCcore-4.9.3	0			
flex/2.6.0	0			
flex/2.6.0-GCCcore-4.9.4	0			
flex/2.6.0-GCCcore-5.4.0	0			
flex/2.6.0-foss-2016a	0			
flex/2.6.0-foss-2016b	0			
flex/2.6.3	0			
flex/2.6.3-GCCcore-5.4.0	0			
flex/2.6.3-GCCcore-6.3.0	0			
flex/2.6.4	0			
flex/2.6.4-GCCcore-6.3.0	0			
flex/2.6.4-GCCcore-6.4.0	0			
flex/2.6.4-GCCcore-7.3.0	1			
flexbar/3.0.3-foss-2016b	112			
fontconfig/2.11.94-foss-2016a	119			
fontconfig/2.11.95-foss-2016a	0			
fontconfig/2.12.1-GCCcore-6.3.0-libpng-1.6.29	0			
fontconfig/2.12.1-foss-2016b	6124			
fontconfig/2.12.1-foss-2016b-libpng-1.6.29	0			
fontconfig/2.12.1-gcccuda-2016.10	0			
fontconfig/2.12.4-GCCcore-6.4.0	22			
fontconfig/2.13.0-GCCcore-7.3.0	8997			
fontsproto/2.1.3-foss-2016a	0			
foss/2016a	2246			
foss/2016b	11386			
foss/2017a	98			
foss/2017b	278			
foss/2018b	31798			
fosscuda/2018b	2714			
freebayes/1.1.0-foss-2016b	0			
freebayes/1.2.0-foss-2017a	0			
freeglut/3.0.0-foss-2016a	97			
freeglut/3.0.0-foss-2016a-Mesa-11.2.1	0			
freeglut/3.0.0-foss-2016b	1298			
freeglut/3.0.0-foss-2018b	1			
freetype/2.6.2-foss-2016a	134			
freetype/2.6.3-foss-2016a	0			
freetype/2.6.5-foss-2016b	7508			
freetype/2.6.5-gcccuda-2016.10	0			
freetype/2.7.1-GCCcore-5.4.0	5871			
freetype/2.7.1-GCCcore-6.3.0-libpng-1.6.29	67			
freetype/2.7.1-foss-2016b	6092			
freetype/2.7.1-foss-2016b-harfbuzz-1.4.3	6099			
freetype/2.7.1-foss-2016b-libpng-1.6.29	0			
freetype/2.8-GCCcore-6.4.0	22			
freetype/2.9.1-GCCcore-7.3.0	9121			
gcccuda/.2016.08	10			
gcccuda/2016.08	8			
gcccuda/2016.10	348			
gcccuda/2017.01	0			
gcccuda/2018b	2742			
gettext/0.19.6	0			
gettext/0.19.6-foss-2016a	97			
gettext/0.19.7	0			
gettext/0.19.7-foss-2016a	0			
gettext/0.19.8	0			
gettext/0.19.8-foss-2016b	6067			
gettext/0.19.8.1	0			
gettext/0.19.8.1-GCCcore-6.3.0	2			
gettext/0.19.8.1-GCCcore-6.4.0	0			
gettext/0.19.8.1-GCCcore-7.3.0	7060			
gettext/0.19.8.1-foss-2016b	0			
gffread/0.9.12-foss-2016b	1			
gflags/2.2.1-foss-2016b	1			
giflib/5.1.4-foss-2016b	11			
git-lfs/2.11.0	3			
glew/1.13.0-foss-2016b	0			
glog/0.3.5-foss-2016b	1			
glproto/1.4.17-foss-2016a	0			
gnuplot/5.0.3-foss-2016a	96			
gnuplot/5.0.5-foss-2016b	22			
gnuplot/5.0.7-foss-2018b	5			
gompi/2016a	2211			
gompi/2016b	11391			
gompi/2017a	98			
gompi/2017b	274			
gompi/2018b	31536			
gompic/2018b	2744			
gperf/3.0.4-foss-2016a	0			
gperf/3.1-GCCcore-6.4.0	0			
gperf/3.1-GCCcore-7.3.0	2			
gstreamer/2016b	0			
gsutil/204.0.0	0			
gsutil/4.42	12			
hapflk/1.3.0-foss-2016a-Python-2.7.11	0			
help2man/1.47.4	0			
help2man/1.47.4-GCCcore-5.4.0	0			
help2man/1.47.4-GCCcore-6.3.0	0			
help2man/1.47.4-GCCcore-6.4.0	0			
help2man/1.47.4-GCCcore-7.3.0	0			
htslib/1.10.2-131-g0456cec	2			
hwloc/1.11.10-GCCcore-7.3.0	38896			
hwloc/1.11.2-GCC-4.9.3-2.25	76108			
hwloc/1.11.3-GCC-5.4.0-2.26	11600			
hwloc/1.11.3-gcccuda-2016.08	7			
hwloc/1.11.3-iccifort-2016.3.210-GCC-5.4.0-2.26	807			
hwloc/1.11.4-iccifort-2017.1.132-GCC-5.4.0-2.26	0			
hwloc/1.11.5-GCC-6.3.0-2.27	103			
hwloc/1.11.5-iccifort-2017.1.132-GCC-6.3.0-2.27	1			
hwloc/1.11.7-GCCcore-6.4.0	298			
icc/2016.3.210-GCC-5.4.0-2.26	805			
icc/2017.1.132-GCC-5.4.0-2.26	0			
icc/2017.1.132-GCC-6.3.0-2.27	3			
icc/2017.2.174-GCC-6.3.0-2.27	0			
icc/2018.3.222-GCC-7.3.0-2.30	4783			
iccifort/2016.3.210-GCC-5.4.0-2.26	805			
iccifort/2017.1.132-GCC-5.4.0-2.26	0			
iccifort/2017.1.132-GCC-6.3.0-2.27	3			
iccifort/2017.2.174-GCC-6.3.0-2.27	0			
iccifort/2018.3.222-GCC-7.3.0-2.30	4783			
ifort/2016.3.210-GCC-5.4.0-2.26	804			
ifort/2017.1.132-GCC-5.4.0-2.26	0			
ifort/2017.1.132-GCC-6.3.0-2.27	3			
ifort/2017.2.174-GCC-6.3.0-2.27	0			
ifort/2018.3.222-GCC-7.3.0-2.30	4783			
igraph/0.7.1-foss-2016b	0			
iimpi/2017.01-GCC-6.3.0-2.27	0			
iimpi/2017.02-GCC-6.3.0-2.27	0			
iimpi/2017a	3			
iimpi/2018b	164			
imkl/11.3.3.210-iompi-2016.09-GCC-5.4.0-2.26	986			
imkl/2017.1.132-iimpi-2017.01-GCC-6.3.0-2.27	0			
imkl/2017.1.132-iimpi-2017a	3			
imkl/2017.1.132-iompi-2017.01	0			
imkl/2017.1.132-iompi-2017a	0			
imkl/2017.2.174-iimpi-2017.02-GCC-6.3.0-2.27	0			
imkl/2018.3.222-iimpi-2018b	149			
imkl/2018.3.222-iompi-2018b	4612			
impi/2017.1.132-iccifort-2017.1.132-GCC-6.3.0-2.27	3			
impi/2017.2.174-iccifort-2017.2.174-GCC-6.3.0-2.27	0			
impi/2018.3.222-iccifort-2018.3.222-GCC-7.3.0-2.30	173			
inputproto/2.3.1-foss-2016a	0			
inputproto/2.3.1-foss-2016b	0			
intel/2017.01	0			
intel/2017.02	0			
intel/2017a	3			
intel/2018b	159			
intltool/0.51.0-GCCcore-6.4.0-Perl-5.26.0	0			
intltool/0.51.0-GCCcore-7.3.0-Perl-5.28.0	0			
intltool/0.51.0-foss-2017a-Perl-5.24.1	0			
iomkl/2017a	0			
iomkl/2018b	4625			
iompi/2016.09-GCC-5.4.0-2.26	807			
iompi/2017.01	0			
iompi/2017a	0			
iompi/2018b	4621			
isoSegmenter/1.5.1	0			
jemalloc/4.2.0-foss-2016a	1			
jemalloc/5.1.0-GCCcore-7.3.0	0			
kallisto/0.42.5-foss-2016a	0			
kallisto/0.45.0	52			
kbproto/1.0.7-foss-2016a	0			
kbproto/1.0.7-foss-2016b	0			
libGLU/9.0.0-foss-2016a	97			
libGLU/9.0.0-foss-2016a-Mesa-11.2.1	0			
libGLU/9.0.0-foss-2016b	1486			
libGLU/9.0.0-foss-2017a	0			
libGLU/9.0.0-foss-2018b	7166			
libICE/1.0.9-foss-2016a	96			
libSM/1.2.2-foss-2016a	96			
libX11/1.6.3-foss-2016a	134			
libX11/1.6.3-foss-2016b	9			
libXau/1.0.8-foss-2016a	134			
libXau/1.0.8-foss-2016b	9			
libXcursor/1.1.14-foss-2016a	96			
libXdamage/1.1.4-foss-2016a	119			
libXdmcp/1.1.2-foss-2016a	134			
libXdmcp/1.1.2-foss-2016b	9			
libXext/1.3.3-foss-2016a	134			
libXext/1.3.3-foss-2016b	0			
libXfixes/5.0.1-foss-2016a	119			
libXfixes/5.0.1-foss-2016b	0			
libXfont/1.5.1-foss-2016a	120			
libXfont/1.5.1-foss-2016a-freetype-2.6.3	0			
libXft/2.3.2-foss-2016a	119			
libXft/2.3.2-foss-2016a-freetype-2.6.3	0			
libXi/1.7.2-foss-2016b	0			
libXi/1.7.6-foss-2016a	96			
libXinerama/1.1.3-foss-2016a	96			
libXmu/1.1.2-foss-2016a	97			
libXp/1.0.3-foss-2016a	0			
libXpm/3.5.11-foss-2016a	120			
libXrandr/1.5.0-foss-2016a	97			
libXrender/0.9.9-foss-2016a	120			
libXt/1.1.5-foss-2016a	96			
libarchive/3.4.2-GCCcore-7.3.0	2			
libcerf/1.4-foss-2016a	96			
libcerf/1.5-foss-2016b	19			
libcerf/1.5-foss-2018b	5			
libcircle/0.2.1-rc.1-gompi-2018b	1			
libcircle/0.3-gompi-2018b	2			
libcircle/0.3-iimpi-2018b	1			
libcroco/0.6.11-foss-2018b	0			
libdrm/2.4.67-foss-2016a	119			
libdrm/2.4.68-foss-2016a	0			
libdrm/2.4.70-foss-2016b	6060			
libdrm/2.4.76-GCCcore-6.3.0	0			
libdrm/2.4.76-foss-2016b	0			
libdrm/2.4.92-GCCcore-7.3.0	7011			
libevent/2.0.22-GCCcore-4.9.3	0			
libevent/2.1.8	7			
libevent/2.1.8-GCC-5.4.0-2.26	0			
libexif/0.6.21-foss-2016b	11			
libffi/3.2.1-GCCcore-6.3.0	2			
libffi/3.2.1-GCCcore-6.4.0	288			
libffi/3.2.1-GCCcore-7.3.0	11112			
libffi/3.2.1-foss-2016a	97			
libffi/3.2.1-foss-2016b	6110			
libffi/3.2.1-gcccuda-2016.10	0			
libfontenc/1.1.3-foss-2016a	0			
libgd/2.1.1-foss-2016a	97			
libgd/2.2.3-foss-2016b	20			
libgd/2.2.5-GCCcore-7.3.0	14			
libgeotiff/1.4.2-foss-2016b	1276			
libgeotiff/1.4.2-foss-2018b	8380			
libgsf/1.14.42-foss-2016b	11			
libgtextutils/0.7-foss-2016a	0			
libgtextutils/0.7-foss-2016b	0			
libharu/2.3.0-GCCcore-7.3.0	15			
libharu/2.3.0-foss-2016b	0			
libjpeg-turbo-jws/1.5.0	0			
libjpeg-turbo/1.4.2-foss-2016a	138			
libjpeg-turbo/1.4.2-foss-2016a-NASM-2.12.01	0			
libjpeg-turbo/1.4.2-foss-2016b	0			
libjpeg-turbo/1.5.0	0			
libjpeg-turbo/1.5.0-GCCcore-5.4.0	125			
libjpeg-turbo/1.5.0-foss-2016a	129			
libjpeg-turbo/1.5.0-foss-2016b	5990			
libjpeg-turbo/1.5.0-gcccuda-2016.10	0			
libjpeg-turbo/1.5.1-gcccuda-2016.10	0			
libjpeg-turbo/1.5.2	1			
libjpeg-turbo/1.5.2-GCCcore-6.3.0	0			
libjpeg-turbo/2.0.0-GCCcore-7.3.0	8589			
libjpeg-turbo/2.0.0-fosscuda-2018b	0			
libpciaccess/0.13.4-foss-2016a	119			
libpciaccess/0.13.4-foss-2016b	1			
libpciaccess/0.14-GCCcore-7.3.0	0			
libpll/0.3.2-foss-2016b	0			
libpll/1.0.11-foss-2016a	0			
libpll/1.0.11-foss-2016b	0			
libpng/1.6.21-foss-2016a	161			
libpng/1.6.23-foss-2016a	129			
libpng/1.6.23-foss-2016b	0			
libpng/1.6.24-GCCcore-5.4.0	643			
libpng/1.6.24-foss-2016b	7996			
libpng/1.6.24-gcccuda-2016.10	0			
libpng/1.6.28-GCCcore-5.4.0	6697			
libpng/1.6.28-foss-2016b	0			
libpng/1.6.28-gcccuda-2016.10	0			
libpng/1.6.29-GCCcore-6.3.0	67			
libpng/1.6.29-foss-2016b	1			
libpng/1.6.32-GCCcore-6.4.0	22			
libpng/1.6.34-GCCcore-7.3.0	10773			
libpthread-stubs/0.3-foss-2016a	0			
libpthread-stubs/0.3-foss-2016b	1298			
libreadline/6.3	0			
libreadline/6.3-GCCcore-4.9.3	0			
libreadline/6.3-GCCcore-6.3.0	0			
libreadline/6.3-foss-2016a	1476			
libreadline/6.3-foss-2016b	8484			
libreadline/6.3-gcccuda-2016.10	0			
libreadline/7.0-GCCcore-6.3.0	67			
libreadline/7.0-GCCcore-6.4.0	281			
libreadline/7.0-GCCcore-7.3.0	11179			
libreadline/7.0-foss-2016b	0			
librsvg/2.40.15-foss-2018b	0			
libsndfile/1.0.28-GCCcore-7.3.0	7102			
libsodium/1.0.11-foss-2016a	1			
libsodium/1.0.11-foss-2016b	7273			
libsodium/1.0.13-foss-2017a	67			
libsodium/1.0.16-GCCcore-7.3.0	3			
libsodium/1.0.8-foss-2016a	0			
libspatialite/4.3.0a-foss-2017a	0			
libtool/2.4.6	0			
libtool/2.4.6-GCC-5.4.0-2.26	0			
libtool/2.4.6-GCCcore-4.9.3	0			
libtool/2.4.6-GCCcore-5.4.0	0			
libtool/2.4.6-GCCcore-6.3.0	0			
libtool/2.4.6-GCCcore-6.4.0	0			
libtool/2.4.6-GCCcore-7.3.0	1			
libtool/2.4.6-foss-2016a	0			
libtool/2.4.6-foss-2016b	0			
libtool/2.4.6-gcccuda-2016.10	0			
libvips/8.5.9-foss-2016b	0			
libvips/8.6.3-foss-2016b	11			
libwebp/0.6.1-foss-2016b	1277			
libxcb/1.11.1-foss-2016a	134			
libxcb/1.11.1-foss-2016b	9			
libxml2/2.9.3-foss-2016a	161			
libxml2/2.9.3-foss-2016b	0			
libxml2/2.9.4-GCCcore-6.3.0	0			
libxml2/2.9.4-GCCcore-6.4.0	0			
libxml2/2.9.4-foss-2016a	131			
libxml2/2.9.4-foss-2016b	7320			
libxml2/2.9.4-foss-2016b-Python-2.7.12	0			
libxml2/2.9.4-foss-2016b-Python-2.7.13	0			
libxml2/2.9.5-GCCcore-6.3.0	67			
libxml2/2.9.8-GCCcore-7.3.0	8699			
libxslt/1.1.29-foss-2016b	1914			
libxslt/1.1.30-GCCcore-6.3.0	67			
libyaml/0.1.7	0			
libyaml/0.1.7-foss-2016b	7			
libyaml/0.2.1-GCCcore-7.3.0	16			
line_profiler/2.0-foss-2016b	0			
lwgrp/1.0.2-gompi-2018b	2			
lwgrp/1.0.2-iimpi-2018b	1			
makedepend/1.0.5-foss-2016a	0			
matplotlib/1.5.1-foss-2016a-Python-2.7.11	1			
matplotlib/1.5.1-foss-2016a-Python-3.5.1	0			
matplotlib/2.0.0-foss-2016a-Python-2.7.11	0			
matplotlib/2.0.2-foss-2017b-Python-3.6.2	7			
matplotlib/2.2.3-foss-2018b-Python-2.7.15	4			
matplotlib/3.0.0-foss-2018b-Python-3.7.0	180			
matplotlib/3.0.0-fosscuda-2018b-Python-3.7.0	1884			
matrix2png/1.2.2-foss-2016a	0			
mfold_util/4.6-foss-2016b	73			
minc-toolkit/1.9.16	0			
miniconda/4.5.12	89			
miniconda/4.6.14	4			
miniconda/4.7.10	41583			
miniconda/4.8.2	456			
miniconda/4.8.3	8248			
minimap2/2.11-foss-2016b	0			
minimap2/2.12-foss-2016b	25			
minimap2/2.17-foss-2018b	28			
misopy/0.5.4-foss-2016b-Python-2.7.13	31			
motif/2.3.5-foss-2016a	0			
mpifileutils/0.10.1-gompi-2018b	2			
ncbi-vdb/2.7.0-foss-2016a	1			
ncbi-vdb/2.7.0-foss-2016b	6			
ncbi-vdb/2.9.3-foss-2018b	36			
ncurses/5.9-intel-2017.01	0			
ncurses/6.0	7			
ncurses/6.0-GCC-4.9.3-2.25	3			
ncurses/6.0-GCCcore-4.9.3	0			
ncurses/6.0-GCCcore-5.4.0	125			
ncurses/6.0-GCCcore-6.3.0	67			
ncurses/6.0-GCCcore-6.4.0	330			
ncurses/6.0-foss-2016a	1476			
ncurses/6.0-foss-2016b	8520			
ncurses/6.0-foss-2017a	67			
ncurses/6.0-gcccuda-2016.08	0			
ncurses/6.0-gcccuda-2016.10	1			
ncurses/6.1-GCCcore-7.3.0	30611			
netCDF/4.3.3.1-foss-2016a	27			
netCDF/4.4.1-foss-2016a	130			
netCDF/4.4.1-foss-2016a-serial	0			
netCDF/4.4.1-foss-2016b	4723			
netCDF/4.4.1.1-foss-2016b	1699			
netCDF/4.4.1.1-foss-2017a-HDF5-1.10.1	67			
netCDF/4.5.0-foss-2016a-serial	0			
netCDF/4.5.0-foss-2016b	1296			
netCDF/4.5.0-foss-2016b-serial	0			
netCDF/4.6.1-foss-2018b	8380			
nettle/3.2-foss-2016b	6060			
nettle/3.3-GCCcore-6.3.0	0			
nettle/3.3-foss-2016b	0			
nettle/3.4-foss-2018b	7008			
newhybrids/da47b36-foss-2016b	0			
numactl/2.0.11-GCC-4.9.3-2.25	76108			
numactl/2.0.11-GCC-5.4.0-2.26	11590			
numactl/2.0.11-GCC-6.3.0-2.27	103			
numactl/2.0.11-GCCcore-5.4.0	0			
numactl/2.0.11-GCCcore-6.3.0	1			
numactl/2.0.11-GCCcore-6.4.0	382			
numactl/2.0.11-GCCcore-7.3.0	38884			
numactl/2.0.11-iccifort-2016.3.210-GCC-5.4.0-2.26	807			
parallel/20160622-foss-2016a	1			
parallel/20170822-foss-2017a	16			
parallel/20180322-foss-2016b	0			
parallel/20180822-foss-2018b	1017			
path.py/8.2.1-foss-2016a-Python-2.7.11	1			
path.py/8.2.1-foss-2016b-Python-2.7.11	0			
phyx/1.1-foss-2018b	15			
picard/2.8.3-Java-1.8.0_121	4			
picard/2.9.0-Java-1.8.0_121	18415			
pigz/2.4-GCCcore-7.3.0	5			
pip/8.1.2-foss-2016a-Python-2.7.11	0			
pip/8.1.2-foss-2016b-Python-2.7.11	106			
pixman/0.34.0-GCCcore-6.3.0	0			
pixman/0.34.0-GCCcore-7.3.0	6979			
pixman/0.34.0-foss-2016a	97			
pixman/0.34.0-foss-2016b	5900			
pixman/0.34.0-gcccuda-2016.10	0			
pkg-config/0.29-foss-2016a	0			
pkg-config/0.29-foss-2016b	0			
pkg-config/0.29.1-GCCcore-6.3.0	0			
pkg-config/0.29.1-foss-2016a	0			
pkg-config/0.29.1-foss-2016b	5903			
pkg-config/0.29.1-foss-2017a	0			
pkg-config/0.29.1-gcccuda-2016.10	0			
pkg-config/0.29.2-GCCcore-6.4.0	0			
pkg-config/0.29.2-GCCcore-7.3.0	4			
pollux/1.0.2-foss-2016b	0			
poppler/0.54.0-foss-2016b	1274			
printproto/1.0.5-foss-2016a	0			
prompt-toolkit/1.0.3-foss-2016a-Python-2.7.11	0			
prompt-toolkit/1.0.6-foss-2016a-Python-2.7.11	1			
prompt-toolkit/1.0.6-foss-2016b-Python-2.7.11	0			
protobuf-python/3.2.0-foss-2016b-Python-2.7.13	29			
protobuf/3.2.0-foss-2016b	29			
pybedtools/0.7.10-foss-2016b-Python-2.7.13	27			
qrupdate/1.1.2-foss-2016a	97			
rDock/2013.1-foss-2016b	0			
randrproto/1.5.0-foss-2016a	0			
rclone/1.52.3	2			
renderproto/0.11-foss-2016a	0			
restic/0.10.0	5			
revbayes/1.0.11-foss-2018b	67			
revbayes/1.1.0-foss-2018b	17			
rpy2/2.8.6-foss-2016b-Python-2.7.13	11			
rstudio_singularity/3.6.1	1			
rsync/3.1.2-foss-2016a	0			
seqtk/1.2-foss-2016b	21			
slurm-drmaa/1.0.7-foss-2016b	1707			
slurm-drmaa/1.0.7-foss-2017a	84			
snakemake/5.2.4-foss-2018b-Python-3.7.0	17			
snappy/1.1.7-foss-2016b	1			
spaceranger/1.0.0	38			
sparsehash/2.0.2-foss-2016a	0			
sparsehash/2.0.2-foss-2016b	3			
strelka/2.9.9-foss-2018b	0			
stress-ng/0.08.07	0			
stress-ng/0.08.07-foss-2016a	0			
stress-ng/0.08.07-foss-2016b	0			
svtools/0.4.0	23			
tabix-py/c8a3f4a-foss-2016b-Python-2.7.13	0			
tabix/0.2.6-GCCcore-7.3.0	148			
tabix/0.2.6-foss-2016a	2			
tabix/0.2.6-foss-2016b	41			
tbb/2017_U5-foss-2016b	220			
tbb/2017_U6-intel-2017a	4			
tbb/2018_U5-GCCcore-7.3.0	21279			
tcsh/6.19.00-foss-2016a	11			
testpath/0.3-foss-2016a-Python-2.7.11	4			
testpath/0.3-foss-2016b-Python-2.7.11	0			
tmux/2.3-GCC-4.9.3-2.25	0			
tmux/2.9a	45			
treePL/05-21-2018-GCCcore-7.3.0	0			
util-linux/2.27.1-foss-2016a	0			
util-linux/2.28-foss-2016a	0			
util-linux/2.28.1-foss-2016a	4			
util-linux/2.28.1-foss-2016b	0			
util-linux/2.29-foss-2016b	66656			
util-linux/2.30.1-GCCcore-6.3.0	30			
util-linux/2.30.1-foss-2017a	167			
util-linux/2.32-GCCcore-7.3.0	21982			
vcfanno/0.3.2	50			
vlc/2.2.8-foss-2016b	0			
wcwidth/0.1.7-foss-2016a-Python-2.7.11	4			
wcwidth/0.1.7-foss-2016b-Python-2.7.11	0			
websockify/0.8.0	0			
wxPython/3.0.2.0-foss-2017a-Python-2.7.14	26			
wxWidgets/3.0.3-foss-2016a	0			
wxWidgets/3.0.3-foss-2016b	0			
x264/20160614-foss-2016b	0			
x264/20170913-foss-2017a	0			
x264/20181203-GCCcore-7.3.0	2			
x265/2.4-foss-2016b	0			
x265/2.5-foss-2017a	0			
x265/2.9-GCCcore-7.3.0	2			
xbitmaps/1.1.1-foss-2016a	11			
xcb-proto/1.11	2			
xextproto/7.3.0-foss-2016a	0			
xextproto/7.3.0-foss-2016b	0			
xineramaproto/1.2.1-foss-2016a	0			
xorg-macros/1.19.0-foss-2016a	0			
xorg-macros/1.19.0-foss-2016b	0			
xorg-macros/1.19.2-GCCcore-7.3.0	1			
xprop/1.2.2-foss-2016a	180			
xprop/1.2.3-GCCcore-7.3.0	2			
xproto/7.0.28-foss-2016a	0			
xproto/7.0.28-foss-2016b	0			
xtrans/1.3.5-foss-2016a	190			
xtrans/1.3.5-foss-2016b	2			
zlib/1.2.11	30			
zlib/1.2.11-GCCcore-5.4.0	64588			
zlib/1.2.11-GCCcore-6.3.0	167			
zlib/1.2.11-GCCcore-6.4.0	739			
zlib/1.2.11-GCCcore-7.3.0	86549			
zlib/1.2.11-foss-2016a	0			
zlib/1.2.11-foss-2016b	1009			
zlib/1.2.7-foss-2016a	0			
zlib/1.2.8	0			
zlib/1.2.8-GCCcore-4.9.3	2			
zlib/1.2.8-GCCcore-4.9.4	0			
zlib/1.2.8-GCCcore-5.4.0	3091			
zlib/1.2.8-foss-2016a	4394			
zlib/1.2.8-foss-2016b	77097			
zlib/1.2.8-foss-2017a	0			
zlib/1.2.8-gcccuda-2016.10	0			