	sum 	deprecate?	flag for upgrade?	comments
ABySS/1.9.0-foss-2016a	0			
ADMIXTURE/1.3.0	20			
Agalma/1.0.1	0			
Anaconda2/4.2.0	104			
Apps/Bowtie/1.1.2	5			
Apps/PennCNV/1.0.3	1			
Apps/SAMtools/1.3	33			
Apps/ucsc/2016-05-27	20			
Apps/vcflib/2016-03-02	3908			
Armadillo/7.800.3-foss-2016b-Python-2.7.13	0			
Aspera-CLI/3.7.6.636.4d51a47	5			
Aspera-CLI/3.9.0.1326.6985b21	0			
Aspera-CLI/3.9.6.1467.159c5b1	6			
Augustus/3.2.3-foss-2016b	9			
Autoconf/2.69	0			
Autoconf/2.69-GCC-5.4.0-2.26	0			
Autoconf/2.69-GCCcore-6.3.0	0			
Autoconf/2.69-GCCcore-6.4.0	2			
Autoconf/2.69-GCCcore-7.3.0	6			
Autoconf/2.69-foss-2016a	0			
Autoconf/2.69-foss-2016b	0			
Automake/1.15	0			
Automake/1.15-GCC-5.4.0-2.26	0			
Automake/1.15-GCCcore-6.3.0	0			
Automake/1.15-foss-2016a	0			
Automake/1.15-foss-2016b	0			
Automake/1.15.1-GCCcore-6.4.0	2			
Automake/1.16.1-GCCcore-7.3.0	5			
Autotools/20150215	0			
Autotools/20150215-GCC-5.4.0-2.26	0			
Autotools/20150215-GCCcore-6.3.0	0			
Autotools/20150215-foss-2016a	0			
Autotools/20150215-foss-2016b	0			
Autotools/20170619-GCCcore-6.4.0	2			
Autotools/20180311-GCCcore-7.3.0	4			
BBMap/37.17-foss-2016a-Java-1.8.0_121	147			
BCFtools/1.3-foss-2016a	0			
BCFtools/1.3-foss-2016b	0			
BCFtools/1.4.1-foss-2016a	81			
BCFtools/1.4.1-foss-2016b	7			
BCFtools/1.5-foss-2016b	684			
BCFtools/1.9-foss-2018b	203			
BEDOPS/2.4.26	760			
BEDTools/2.23.0-foss-2016a	145			
BEDTools/2.24.0-foss-2016a	1			
BEDTools/2.26.0-foss-2016a	1982			
BEDTools/2.27.1-foss-2016b	4650			
BEDTools/2.27.1-foss-2018b	4629			
BLAST+/2.3.0-foss-2016b-Python-2.7.11	27			
BLAST+/2.6.0-foss-2016b-Python-3.5.1	139			
BLAT/3.5-foss-2016a	267			
BLAT/3.5-foss-2018b	21			
BUSCO/2.0.1-foss-2016b	1			
BWA/0.7.15-foss-2016a	63			
BWA/0.7.17-foss-2016b	183			
BWA/0.7.17-foss-2018b	2144			
BamTools/2.4.0-foss-2016a	1			
BamTools/2.4.0-foss-2016b	2			
BamTools/2.5.1-foss-2016b	0			
BamTools/2.5.1-foss-2018b	4375			
Beagle/5.1-21Mar20.d65	4			
Beagle/5.1-25Nov19.28d	2			
Bio-DB-BigFile/1.07-foss-2018b-Perl-5.28.0	14			
Bio-DB-HTS/2.11-foss-2018b-Perl-5.28.0	385			
Bio-SamTools/1.43-foss-2016a-Perl-5.16.3-update-1	2			
BioPerl/1.6.1-foss-2016a-Perl-5.16.3	0			
BioPerl/1.6.1-foss-2016a-Perl-5.16.3-update-1	2			
BioPerl/1.7.2-foss-2018b-Perl-5.28.0	412			
Biopython/1.69-foss-2016a-Python-2.7.11	197			
Biopython/1.69-foss-2016b-Python-3.5.1	3599			
Biopython/1.73-foss-2018b-Python-3.6.6	88			
Bismark/0.22.3-foss-2018b	2			
Bison/3.0.4	1			
Bison/3.0.4-GCCcore-4.9.3	0			
Bison/3.0.4-GCCcore-5.4.0	0			
Bison/3.0.4-GCCcore-6.3.0	0			
Bison/3.0.4-GCCcore-6.4.0	1			
Bison/3.0.4-GCCcore-7.3.0	0			
Bison/3.0.4-foss-2016a	0			
Bison/3.0.4-foss-2016b	0			
Bison/3.0.5-GCCcore-6.4.0	1			
Bison/3.0.5-GCCcore-7.3.0	0			
Blosc/1.11.1-foss-2016b	0			
Boost/1.55.0-foss-2016a-Python-2.7.11	1			
Boost/1.58.0-foss-2016a-Python-2.7.11	10			
Boost/1.58.0-foss-2016b-Python-2.7.11	27			
Boost/1.60.0-foss-2016a	0			
Boost/1.61.0-foss-2016a	12			
Boost/1.61.0-foss-2016a-Python-2.7.11	12			
Boost/1.61.0-foss-2016b	1000			
Boost/1.61.0-foss-2016b-Python-2.7.13	808			
Boost/1.63.0-foss-2016a-Python-2.7.11	0			
Boost/1.67.0-foss-2018b	499			
Bowtie/1.1.2-foss-2016a	27			
Bowtie/1.1.2-foss-2016b	524			
Bowtie/1.2.2-foss-2018b	111			
Bowtie2/2.2.8-foss-2016a	2			
Bowtie2/2.2.8-foss-2016b	335			
Bowtie2/2.2.9-foss-2016a	376			
Bowtie2/2.2.9-foss-2016b	3103			
Bowtie2/2.3.4.2-foss-2018b	423			
BreakDancer/1.4.5-foss-2016b	0			
CD-HIT/4.6.8-foss-2016b	38			
CFITSIO/3.38-foss-2016a	1			
CLIPper/1.2.1-foss-2016b-Python-2.7.13	1			
CMake/3.11.4-GCCcore-7.3.0	1			
CMake/3.12.0	0			
CMake/3.12.1-GCCcore-7.3.0	10			
CMake/3.12.2	13			
CMake/3.4.3-foss-2016a	0			
CMake/3.4.3-foss-2016b	0			
CMake/3.5.2-foss-2016a	0			
CMake/3.5.2-foss-2016b	0			
CMake/3.6.1-foss-2016b	0			
CMake/3.6.2-foss-2016a	0			
CMake/3.7.2-foss-2016b	0			
CMake/3.9.5-GCCcore-6.4.0	1			
CNVnator/0.3.3-foss-2016a	2			
CRISPOR/3.1.0	0			
CRISPOR/3.10	0			
CUDA/8.0.44	1			
CUnit/2.1-3-GCCcore-7.3.0	1			
Canvas/1.38.0	0			
Celera_Assembler/8.3rc2-foss-2016b-Python-2.7.13	0			
Circos/0.69-5-foss-2016b-Perl-5.24.1	7			
ClusterShell/1.8	0			
Cufflinks/2.2.1-foss-2016a	1			
Cufflinks/2.2.1-foss-2016b	814			
DB/18.1.32-GCCcore-7.3.0	32			
DBD-mysql/4.042-foss-2016a-Perl-5.24.1	11			
DBD-mysql/4.048-foss-2018b-Perl-5.28.0	384			
DIAMOND/0.9.26-foss-2018b	2			
Doxygen/1.8.11-foss-2016a	0			
Doxygen/1.8.11-foss-2016b	0			
Doxygen/1.8.14-GCCcore-7.3.0	0			
Drop-seq/1.12	0			
EIGENSOFT/6.1.4-foss-2016b	10			
EMBOSS/6.6.0-foss-2016b	7			
EasyBuild/3.0.1	0			
EasyBuild/3.1.0	0			
EasyBuild/3.1.1	0			
EasyBuild/3.1.2	0			
EasyBuild/3.2.1	0			
EasyBuild/3.3.0	0			
EasyBuild/3.3.1	0			
EasyBuild/3.4.0	0			
EasyBuild/3.4.1	0			
EasyBuild/3.5.0	0			
EasyBuild/3.5.1	0			
EasyBuild/3.5.2	0			
EasyBuild/3.6.0	0			
EasyBuild/3.6.2	0			
EasyBuild/3.7.0	0			
EasyBuild/3.7.1	0			
EasyBuild/3.8.1	0			
EasyBuild/3.9.2	0			
EasyBuild/3.9.3	0			
EasyBuild/3.9.4	0			
EasyBuild/4.0.0	0			
EasyBuild/4.0.1	0			
EasyBuild/4.1.0	0			
EasyBuild/4.1.1	0			
EasyBuild/4.1.2	12			
EasyBuild/4.2.0	15			
EasyBuild/4.2.2	19			
EasyBuild/4.3.0	11			
Eigen/3.2.3-foss-2016a	1			
Eigen/3.2.3-foss-2016b	807			
Emacs/25.1-GCC-4.9.3-2.25	0			
Emacs/25.3-GCC-5.4.0-2.26	1			
FASTX-Toolkit/0.0.14-foss-2016a	8			
FASTX-Toolkit/0.0.14-foss-2016b	1187			
FFTW/3.3.4-gompi-2016a	6237			
FFTW/3.3.4-gompi-2016b	126741			
FFTW/3.3.7-gompi-2018a	1			
FFTW/3.3.8-gompi-2018b	25378			
FastQC/0.11.5-Java-1.8.0_121	2713			
FastQC/0.11.9-Java-1.8	462			
FastQ_Screen/0.13.0-foss-2016b-Perl-5.24.1	65			
FastQ_Screen/0.14.1-foss-2018b-Perl-5.28.0	15			
FastTree/2.1.10-foss-2016a	0			
FastTree/2.1.11-foss-2018b-double	0			
FastUniq/1.1-foss-2018b	120			
FineSTRUCTURE/2.1.1-foss-2016b	0			
GATK/3.4-46-Java-1.8.0_121	1			
GATK/3.5-Java-1.7.0_80	13			
GATK/3.7-Java-1.8.0_121	0			
GATK/3.7-Java-1.8.0_92	81			
GATK/3.8-0-Java-1.8.0_121	641			
GATK/3.8-0-ge9d806836-Java-1.8	1			
GATK/3.8-1-0-gf15c1c3ef-Java-1.8	31			
GATK/4.0.6.0-Java-1.8.0_121	130			
GATK/4.1.0.0-Java-1.8.0_121	1230			
GATK/4.1.8.1-Java-1.8	444			
GCC/4.9.3-2.25	6256			
GCC/5.4.0-2.26	127037			
GCC/6.3.0-2.27	654			
GCC/6.4.0-2.28	91			
GCC/7.3.0-2.30	26200			
GCCcore/4.9.3	6878			
GCCcore/5.4.0	127016			
GCCcore/6.3.0	197			
GCCcore/6.4.0	91			
GCCcore/7.3.0	30442			
GD/2.66-foss-2016b-Perl-5.24.1	72			
GDAL/2.1.0-foss-2016a	172			
GDAL/2.1.0-foss-2016b	521			
GDAL/2.1.1-foss-2016b	5877			
GDAL/2.2.3-foss-2016b	7174			
GDAL/2.2.3-foss-2018b-Python-3.7.0	9763			
GDGraph/1.54-foss-2018b-Perl-5.28.0	15			
GEOS/3.6.2-foss-2018b-Python-3.7.0	9773			
GL2PS/1.3.9-foss-2016a-Mesa-11.2.1	1			
GLIMMER/3.02b-foss-2016b	0			
GLPK/4.61-foss-2016b	13215			
GLib/2.47.5-foss-2016a	1			
GLib/2.49.5-foss-2016b	12988			
GLib/2.51.2-foss-2016b	12962			
GLib/2.54.3-GCCcore-7.3.0	9819			
GMP/6.1.0-foss-2016a	1790			
GMP/6.1.0-foss-2016b	8044			
GMP/6.1.1-foss-2016a	172			
GMP/6.1.1-foss-2016b	21926			
GMP/6.1.2-GCCcore-7.3.0	11572			
GMP/6.1.2-foss-2016b	0			
GObject-Introspection/1.48.0-foss-2016b	0			
GObject-Introspection/1.49.1-foss-2016b	0			
GObject-Introspection/1.51.3-foss-2016b	12969			
GSL/1.16-foss-2016a	0			
GSL/2.1-foss-2016a	82			
GSL/2.1-foss-2016b	7			
GSL/2.3-foss-2016b	7636			
GSL/2.5-GCC-7.3.0-2.30	10081			
Ghostscript/9.23-GCCcore-7.3.0	9749			
Globus-CLI/1.2.0	0			
Globus-CLI/1.2.3	25			
Go/1.10.1	0			
Gradle/3.3	0			
Gradle/3.4.1	1			
HDF5/1.10.0-patch1-foss-2016b	0			
HDF5/1.10.1-foss-2016b	7285			
HDF5/1.10.1-foss-2016b-serial	7193			
HDF5/1.10.2-foss-2018b	9792			
HDF5/1.10.2-foss-2018b-serial	2			
HDF5/1.8.16-foss-2016a-serial	22			
HDF5/1.8.16-foss-2016b	1			
HDF5/1.8.17-foss-2016a	172			
HDF5/1.8.17-foss-2016b	9395			
HDF5/1.8.18-foss-2016a	0			
HDF5/1.8.18-foss-2016b	21145			
HISAT2/2.0.4-foss-2016b	0			
HISAT2/2.1.0-foss-2016b	6167			
HMMER/3.1b2-foss-2016a	10			
HMMER/3.1b2-foss-2016b	46			
HTSeq/0.6.1p1-foss-2016a-Python-2.7.11	190			
HTSeq/0.6.1p1-foss-2016b-Python-2.7.13	7957			
HTSeq/0.9.1-foss-2016b-Python-2.7.12	4			
HTSlib/1.11-GCCcore-7.3.0	5			
HTSlib/1.3-foss-2016a	13			
HTSlib/1.3-foss-2016b	85			
HTSlib/1.4.1-foss-2016a	64			
HTSlib/1.9-foss-2018b	1076			
HarfBuzz/1.3.1-foss-2016b	5697			
HarfBuzz/1.4.3-foss-2016b	12960			
HiC-Pro/2.10.0	12			
HyPhy/2.3.11-foss-2016b	0			
ICU/61.1-GCCcore-7.3.0	9758			
IGV/2.4.5-Java-1.8.0_121	94			
IMOD/4.9.4_RHEL6-64_CUDA8.0	0			
ImageMagick/7.0.8-11-GCCcore-7.3.0	9747			
Infernal/1.1.2-foss-2016b	0			
JAGS/4.2.0-foss-2016b	12982			
JUnit/4.12-Java-1.8.0_121	0			
JUnit/4.12-Java-1.8.0_92	0			
JasPer/2.0.14-GCCcore-7.3.0	9759			
Java/1.7.0_80	25			
Java/1.8.0_111	0			
Java/1.8.0_121	12328			
Java/1.8.0_144	1844			
Java/1.8.0_212	17835			
Java/1.8.0_92	17360			
Jellyfish/2.2.10-foss-2016b	6			
Jellyfish/2.2.10-foss-2018b	21			
Julia/0.6.4-linux-x86_64	0			
Julia/0.7.0-linux-x86_64	0			
Julia/1.0.0-linux-x86_64	0			
Kent_tools/20181221-linux.x86_64	28			
LAPACK/3.7.1-foss-2016b	0			
LLVM/3.8.0-foss-2016a	1			
LLVM/3.8.1-foss-2016b	12948			
LLVM/5.0.0-foss-2016b	0			
LLVM/6.0.0-GCCcore-7.3.0	9756			
Langs/GCC/4.9.3	1			
Langs/GCC/5.2.0	3910			
Langs/Java/1.7.0_45	57306			
Langs/Java/1.8.0_45	56413			
Langs/Perl/5.8.9_fPIC	1			
Langs/Python/2.7.11_libs	62092			
Langs/TCLTK/8.5.18	42026			
LibTIFF/4.0.6-foss-2016a	172			
LibTIFF/4.0.6-foss-2016b	13479			
LibTIFF/4.0.9-GCCcore-7.3.0	9767			
Libs/GCC/4.9.3	15			
Libs/GCC/5.2.0	42027			
LittleCMS/2.9-GCCcore-7.3.0	9748			
M4/1.4.17	2			
M4/1.4.17-GCC-5.4.0-2.26	0			
M4/1.4.17-GCCcore-4.9.3	0			
M4/1.4.17-GCCcore-5.4.0	0			
M4/1.4.17-foss-2016a	0			
M4/1.4.17-foss-2016b	0			
M4/1.4.18	2			
M4/1.4.18-GCCcore-6.3.0	0			
M4/1.4.18-GCCcore-6.4.0	2			
M4/1.4.18-GCCcore-7.3.0	7			
MACS2/2.1.1.20160309-foss-2016b-Python-2.7.13	860			
MATLAB/2017a	2			
MATLAB/2017b	1			
MATLAB/2019b	190			
MEME/4.11.4-foss-2016b	208			
METIS/5.1.0-foss-2018b	87			
MIGRATE-N/4.2.14-foss-2016b	0			
MIGRATE-N/4.2.8-foss-2016a	0			
MISO/0.5.4-foss-2016b	551			
MPFR/4.0.1-GCCcore-7.3.0	486			
MUSCLE/3.8.31-foss-2016a	0			
MUSCLE/3.8.31-foss-2016b	0			
Mako/1.0.4-foss-2016b-Python-2.7.12	0			
Mako/1.0.7-foss-2018b-Python-2.7.15	1			
Maq/0.7.0	0			
MariaDB/10.1.14-foss-2016a	12			
MariaDB/10.3.10-foss-2018b	385			
Mathematica/11.0.1	1			
Mathematica/11.1.1	0			
Maven/3.3.9	4			
Mesa/11.2.1-foss-2016a	1			
Mesa/12.0.2-foss-2016b	12952			
Mesa/18.1.1-foss-2018b	9758			
MiXCR/2.1.5-Java-1.8.0_121	19			
MosaicHunter/December2017-Java-1.8	0			
MultiQC/1.9-foss-2018b-Python-3.7.0	4			
Multiz-TBA/012109-foss-2016b	0			
MySQL/5.7.21-GCCcore-6.4.0-clientonly	1			
NAMD/2.12-multicore	0			
NASM/2.11.08-foss-2016b	21			
NASM/2.12.02-foss-2016a	172			
NASM/2.12.02-foss-2016b	13605			
NASM/2.13.03-GCCcore-7.3.0	9801			
NGS/1.2.5-foss-2016b	6136			
NLopt/2.4.2-GCCcore-7.3.0	9754			
NLopt/2.4.2-foss-2016b	21			
Nim/0.18.0	0			
OCaml/4.02.3-foss-2016a	0			
OpenBLAS/0.2.15-GCC-4.9.3-2.25-LAPACK-3.6.0	6243			
OpenBLAS/0.2.18-GCC-5.4.0-2.26-LAPACK-3.6.1	126760			
OpenBLAS/0.2.20-GCC-6.4.0-2.28	2			
OpenBLAS/0.3.1-GCC-7.3.0-2.30	25389			
OpenMPI/1.10.2-GCC-4.9.3-2.25	6239			
OpenMPI/1.10.3-GCC-5.4.0-2.26	126763			
OpenMPI/2.1.2-GCC-6.4.0-2.28	5			
OpenMPI/3.1.1-GCC-7.3.0-2.30	25766			
OpenPGM/5.2.122-foss-2016b	21070			
PANDAseq/2.11-foss-2016b	0			
PCRE/8.38-foss-2016a	187			
PCRE/8.38-foss-2016b	15718			
PCRE/8.39-foss-2016b	13084			
PCRE/8.40-foss-2016b	12956			
PCRE/8.41-GCCcore-7.3.0	9822			
PEAR/0.9.11-foss-2018b	94			
PEAR/0.9.8-foss-2016a	1			
PLINK/1.07-foss-2016a	3			
PLINK/1.90-beta4.4	2160			
POLYSOLVER/v4	6			
PROJ/4.9.2-foss-2016a	172			
PROJ/4.9.2-foss-2016b	13485			
PROJ/4.9.3-foss-2016b	0			
PROJ/5.0.0-foss-2018b	9760			
Pairfq/0.17.0-GCCcore-7.3.0-Perl-5.28.0	1			
Perl/5.16.3-foss-2016a	24			
Perl/5.16.3-foss-2016a-update-1	3			
Perl/5.22.1-foss-2016a	1141			
Perl/5.22.1-foss-2016b	63986			
Perl/5.24.0-foss-2016b	1467			
Perl/5.24.1-foss-2016a	23			
Perl/5.24.1-foss-2016b	89			
Perl/5.26.1-foss-2018a	1			
Perl/5.28.0-GCCcore-7.3.0	1197			
PhyML/3.3.20180214-foss-2016b	0			
PhyloBayes-MPI/20180405-foss-2016b	5			
PhyloCSF/20150118-foss-2016a-OCaml-4.02.3	0			
PhyloWGS/smchet5-foss-2016b-Python-2.7.13	0			
Pilon/1.23	12			
Pindel/0.2.5b9-20170508-foss-2018b	0			
Pisces/5.2.10.49	1			
Pisces/5.2.9.122	0			
PostgreSQL/9.6.1-foss-2016b	7286			
Primer3/2.3.7-foss-2016b	0			
PureCLIP/1.0.1	3			
PyCairo/1.10.0-foss-2016b-Python-2.7.13	0			
PyClone/0.13.1-foss-2016b-Python-2.7.13	0			
PyQt/4.12-foss-2016a-Python-2.7.11	0			
PySlurm/17.02.9-foss-2016b-Python-2.7.11	0			
PySlurm/17.02.9-foss-2016b-Python-2.7.13	0			
PyYAML/3.12	1			
PyYAML/3.13-foss-2018b-Python-3.7.0	2			
PyYAML/5.3.1-foss-2018b-Python-3.7.0	4			
Pysam/0.10.0-foss-2016a-Python-2.7.11	90			
Pysam/0.14.1-foss-2016b-Python-2.7.13	1034			
Pysam/0.15.3-foss-2018b-Python-2.7.15	365			
Pysam/0.15.3-foss-2018b-Python-3.7.0	4			
Pysam/0.9.1.4-foss-2016b-Python-2.7.12	4			
Python/2.7.11-foss-2016a	1936			
Python/2.7.11-foss-2016b	3874			
Python/2.7.12-foss-2016b	5			
Python/2.7.13-foss-2016b	21220			
Python/2.7.15-GCCcore-7.3.0-bare	3			
Python/2.7.15-foss-2018b	6229			
Python/3.5.1-foss-2016b	4182			
Python/3.6.6-foss-2018b	89			
Python/3.7.0-foss-2018b	10346			
Python/miniconda	159			
QIIME/1.9.1-foss-2016b-Python-2.7.13	1			
Qt/4.8.7-foss-2016a	1			
Quast/5.0.0.dev0	6			
Quip/1.1.8-GCCcore-4.9.3	581			
R-bundle-Bioconductor/3.4-foss-2016b-R-3.3.3	12			
R/3.2.3-foss-2016b	22			
R/3.3.3-foss-2016a	172			
R/3.3.3-foss-2016b	501			
R/3.4.1-foss-2016b	7552			
R/3.4.2-foss-2016b-fh2	335			
R/3.5.0-foss-2016b-avx2	7524			
R/3.5.1-foss-2018b	22			
R/3.6.1-foss-2018b	13120			
RAxML/8.2.12-foss-2018b-hybrid-avx2	0			
RAxML/8.2.12-foss-2018b-pthreads-avx2	0			
RAxML/8.2.9-foss-2016a-hybrid-avx2	0			
RAxML/8.2.9-foss-2016a-hybrid-sse3	0			
RAxML/8.2.9-foss-2016a-pthreads-avx2	4			
RAxML/8.2.9-foss-2016a-pthreads-sse3	0			
REMORA/1.8.2-foss-2016a	0			
REMORA/1.8.2-foss-2016b	0			
RMBlast/2.2.28-foss-2016a-Python-2.7.11	20			
ROOT/v6.08.02-foss-2016a-Python-2.7.11	1			
RSEM/1.3.0-foss-2016b	1456			
RSEQtools/0.6-foss-2016a	0			
RSeQC/2.6.4-foss-2016a-Python-2.7.11-R-3.3.3	91			
RStudio/1.1.383-foss-2016b-R-3.4.1	9			
RStudio/1.1.442	352			
RStudio/1.1.442-foss-2016b-R-3.4.2-fh2	109			
RStudio/1.2.5033	22			
RStudio/1.2.5042	23			
Rclone/1.42	28			
Rclone/1.51.0	95			
RepeatMasker/4.0.7	26			
Roary/20180926	1			
SAMtools/0.1.17-foss-2016a	13			
SAMtools/0.1.18-foss-2016b	3			
SAMtools/0.1.19-foss-2016a	43			
SAMtools/0.1.19-foss-2016b	1182			
SAMtools/1.11-GCCcore-7.3.0	2254			
SAMtools/1.3-foss-2016a	2			
SAMtools/1.3.1-foss-2016a	130			
SAMtools/1.3.1-foss-2016b	8095			
SAMtools/1.4-foss-2016b	2			
SAMtools/1.5-foss-2016b	626			
SAMtools/1.9-foss-2016b	16931			
SAMtools/1.9-foss-2018b	7293			
SHAPEIT/2.r837.GLIBCv2.12	1			
SIP/4.19-foss-2016a-Python-2.7.11	0			
SNAPE-pooled/28	0			
SPAdes/3.11.1	0			
SPAdes/3.12.0	0			
SPAdes/3.13.1	21			
SQLite/3.13.0-foss-2016a	172			
SQLite/3.13.0-foss-2016b	21608			
SQLite/3.24.0-GCCcore-7.3.0	11171			
SQLite/3.9.2-foss-2016a	1793			
SQLite/3.9.2-foss-2016b	8044			
SRA-Toolkit/2.8.1-3-centos_linux64	0			
SRA-Toolkit/2.8.2-1-centos_linux64	508			
STAR-Fusion/1.6.0-foss-2018b-Perl-5.28.0	33			
STAR/2.5.3a-foss-2016b	2034			
STAR/2.7.0f-foss-2016b	15			
STAR/2.7.0f-foss-2018b	156			
STAR/2.7.1a-foss-2016b	4038			
STAR/2.7.3a-foss-2018b	22			
SWIG/3.0.12-foss-2018b-Python-3.7.0	0			
Salmon/0.14.1-foss-2018b	23			
Salmon/0.8.2	28			
Sambamba/0.7.1	129			
ScaLAPACK/2.0.2-gompi-2016a-OpenBLAS-0.2.15-LAPACK-3.6.0	6236			
ScaLAPACK/2.0.2-gompi-2016b-OpenBLAS-0.2.18-LAPACK-3.6.1	126740			
ScaLAPACK/2.0.2-gompi-2018a-OpenBLAS-0.2.20	1			
ScaLAPACK/2.0.2-gompi-2018b-OpenBLAS-0.3.1	25367			
SimpleQueue/3.0	0			
SimpleQueue/3.1	4384			
Singularity/2.3.1-GCC-5.4.0-2.26	0			
Singularity/2.3.2-GCC-5.4.0-2.26	0			
Singularity/2.4.2	57			
Singularity/2.4.2-GCC-5.4.0-2.26	3			
SomaticSniper/1.0.5.0-foss-2016b	1			
Spark/2.0.2	0			
Spark/2.3.0-Hadoop-2.7-Java-1.8.0_144	3			
Stacks/1.46-foss-2016a	0			
Stacks/1.46-foss-2016b	0			
Stacks/2.1-foss-2016b	3			
StdEnv	20116			
Stow/2.2.2-foss-2016b	0			
Strelka/2.9.2-foss-2016a	0			
Strelka/2.9.2-foss-2016b	2			
StringTie/1.3.3b-foss-2016b	3793			
SublimeText/3.0_3143	0			
Subread/2.0.0-GCC-7.3.0-2.30	239			
SuiteSparse/5.1.2-foss-2018b-METIS-5.1.0	87			
Szip/2.1-foss-2016a	194			
Szip/2.1-foss-2016b	22437			
Szip/2.1.1-GCCcore-7.3.0	9794			
Szip/2.1.1-foss-2016b	7290			
TRAPeS/1f3251e-foss-2016b-Python-2.7.13	0			
TRAPeS/f5a4761-foss-2016b-Python-2.7.13	0			
TandemRepeatsFinder/4.0.9	10			
Tcl/8.6.4-foss-2016a	1794			
Tcl/8.6.4-foss-2016b	8042			
Tcl/8.6.5-foss-2016a	172			
Tcl/8.6.5-foss-2016b	21720			
Tcl/8.6.7-foss-2016b	7487			
Tcl/8.6.8-GCCcore-7.3.0	11178			
Tk/8.6.4-foss-2016a-no-X11	1790			
Tk/8.6.4-foss-2016b-no-X11	8045			
Tk/8.6.5-foss-2016a	172			
Tk/8.6.5-foss-2016b	21585			
Tk/8.6.7-foss-2016b	7474			
Tk/8.6.8-GCCcore-7.3.0	9838			
Tkinter/2.7.15-foss-2018b-Python-2.7.15	42			
Tkinter/3.7.0-foss-2018b-Python-3.7.0	8			
TopHat/2.1.1-foss-2016a	12			
TopHat/2.1.1-foss-2016b	912			
Trim_Galore/0.5.0-foss-2016b	349			
Trimmomatic/0.36-Java-1.8.0_92	1530			
Trimmomatic/0.38-Java-1.8	2			
Trimmomatic/0.39-Java-1.8	248			
Trinity/2.11.0-foss-2018b-Python-3.7.0	15			
Trinity/2.2.0-foss-2016a	0			
Trinity/2.4.0-foss-2016b	330			
UDUNITS/2.1.24-foss-2016b	7182			
UDUNITS/2.2.20-foss-2016a	0			
UDUNITS/2.2.26-foss-2018b	9758			
UMI-tools/1.0.1-foss-2018b-Python-3.7.0	8			
UROBORUS/0.1.3	0			
UnRAR/5.5.8-foss-2016b	0			
VCFtools/0.1.14-foss-2016a-Perl-5.22.1	91			
VCFtools/0.1.16-foss-2018b-Perl-5.28.0	171			
VDJFasta/1.1.2-foss-2016b	0			
VDJtools/1.1.5	14			
VEP/95.0-foss-2018b-Perl-5.28.0	406			
VSEARCH/2.4.3-foss-2016b	0			
VarScan/2.4.2-Java-1.8.0_121	8			
ViennaRNA/2.4.11-foss-2018b-Python-3.7.0	22			
X11/20160819-foss-2016b	12969			
X11/20170314-GCCcore-6.3.0	0			
X11/20180604-GCCcore-7.3.0	9831			
XHMM/1.0-foss-2016b	2			
XML-LibXML/2.0132-GCCcore-7.3.0-Perl-5.28.0	412			
XML-Parser/2.44_01-GCCcore-7.3.0-Perl-5.28.0	0			
XZ/5.2.2-foss-2016a	172			
XZ/5.2.2-foss-2016a-gettext-0.19.7	13			
XZ/5.2.2-foss-2016b	34353			
XZ/5.2.3-GCCcore-6.3.0	0			
XZ/5.2.3-GCCcore-6.4.0	5			
XZ/5.2.4-GCCcore-7.3.0	20186			
ZeroMQ/4.1.4-foss-2016b	12963			
ZeroMQ/4.2.0-foss-2016b	21139			
akt/0.3.2-foss-2016b	0			
annovar/2017Mar08-foss-2016a-Perl-5.22.1	8			
annovar/2019Oct24-foss-2018b-Perl-5.28.0	61			
ant/1.10.1-Java-1.8.0_121	319			
ant/1.10.5-Java-1.8	16			
ant/1.9.7-Java-1.8.0_92	0			
arpack-ng/3.4.0-foss-2016b	0			
attr/2.4.48-GCCcore-7.3.0	1			
awscli/1.14.38-foss-2016b-Python-2.7.13	11			
bcl2fastq2/2-20-0-foss-2016a	483			
bcl2fastq2/2.19-foss-2016a	48			
bgc/1.03-foss-2016b	0			
binutils/2.25	0			
binutils/2.25-GCCcore-4.9.3	6239			
binutils/2.26	0			
binutils/2.26-GCCcore-5.4.0	126818			
binutils/2.27	0			
binutils/2.27-GCCcore-6.3.0	196			
binutils/2.28	2			
binutils/2.28-GCCcore-6.4.0	91			
binutils/2.30	3			
binutils/2.30-GCCcore-7.3.0	26003			
breseq/0.32.1-foss-2016b	0			
breseq/0.34.1-foss-2016b	0			
bzip2/1.0.6-GCCcore-5.4.0	12959			
bzip2/1.0.6-GCCcore-6.3.0	0			
bzip2/1.0.6-GCCcore-7.3.0	20438			
bzip2/1.0.6-foss-2016a	1800			
bzip2/1.0.6-foss-2016b	34046			
cURL/7.49.1-foss-2016a	172			
cURL/7.49.1-foss-2016b	23175			
cURL/7.52.1-foss-2016a	1791			
cURL/7.52.1-foss-2016b	1032			
cURL/7.58.0-GCCcore-6.4.0	1			
cURL/7.60.0-GCCcore-7.3.0	20148			
cairo/1.14.12-GCCcore-7.3.0	9762			
cairo/1.14.6-foss-2016b	12972			
canu/1.6-foss-2016b	1			
cellranger-atac/1.0.0	4			
cellranger-atac/1.1.0	184			
cellranger-dna/1.0.0	0			
cellranger/1.3.0	1			
cellranger/1.3.1	6			
cellranger/2.0.0	0			
cellranger/2.0.1	1			
cellranger/2.1.0	1			
cellranger/2.1.1	49			
cellranger/3.0.0	1			
cellranger/3.0.2	120			
cellranger/3.1.0	3161			
cgpBattenberg/3.3.0	0			
chimerascan/0.4.5-foss-2016b-Python-2.7.13	0			
cramtools/3.0-Java-1.7.0_80	3			
cutadapt/1.16-foss-2016b-Python-2.7.13	1618			
cutadapt/1.9.1-foss-2016a-Python-2.7.11	10			
cutadapt/1.9.1-foss-2016b-Python-2.7.11	18			
cyrus-sasl/2.1.26-foss-2016b	7180			
cyvcf2/0.9.0-foss-2016b-Python-2.7.13	0			
dSQ/0.5	0			
dSQ/0.6	0			
dSQ/0.7	0			
dSQ/0.8	0			
dSQ/0.9	0			
dSQ/0.91	0			
dSQ/0.92	0			
dSQ/0.93	0			
dSQ/0.94	0			
dSQ/0.95	0			
dSQ/0.96	324			
dSQ/1.0	7			
dSQ/1.01	1			
dSQ/1.02	3			
dSQ/1.03	59			
dSQ/1.04	9			
dSQ/1.05	850			
damageproto/1.2.1-foss-2016a	0			
deepTools/2.5.7-foss-2016b-Python-2.7.13	7			
deepTools/3.1.3-foss-2016b-Python-2.7.13	12			
deepTools/3.3.0-foss-2016b-Python-2.7.13	124			
deepTools/3.4.3-foss-2018b-Python-2.7.15	52			
diffReps/1.55.6-foss-2016a-Perl-5.22.1	0			
disambiguate/1.0-foss-2016b	1			
dropEst/0.8.3	3			
dropSeqPipe/0.23-foss-2016b-Python-3.5.1	0			
dtcmp/1.1.0-gompi-2018b	1			
ea-utils/27a4809-foss-2016b	0			
ete2/2.3.10-foss-2016b-Python-2.7.13	0			
eudev/3.1.5-foss-2016a	1			
expat/2.1.1-foss-2016a	1			
expat/2.2.0-GCCcore-6.3.0	0			
expat/2.2.0-foss-2016a	172			
expat/2.2.0-foss-2016b	13498			
expat/2.2.5-GCCcore-6.4.0	1			
expat/2.2.5-GCCcore-7.3.0	10889			
fastPHASE/1.4.8	0			
fastq-tools/0.8-foss-2016b	3			
file/5.28-foss-2016b	6138			
fixesproto/5.0-foss-2016a	0			
fixesproto/5.0-foss-2016b	0			
flex/2.5.39	0			
flex/2.5.39-GCCcore-4.9.3	0			
flex/2.6.0	0			
flex/2.6.0-GCCcore-5.4.0	0			
flex/2.6.0-foss-2016a	0			
flex/2.6.0-foss-2016b	0			
flex/2.6.3	1			
flex/2.6.3-GCCcore-6.3.0	0			
flex/2.6.4	0			
flex/2.6.4-GCCcore-6.4.0	1			
flex/2.6.4-GCCcore-7.3.0	0			
fontconfig/2.11.95-foss-2016a	1			
fontconfig/2.12.1-GCCcore-6.3.0-libpng-1.6.29	0			
fontconfig/2.12.1-foss-2016b	12982			
fontconfig/2.13.0-GCCcore-7.3.0	9845			
fontsproto/2.1.3-foss-2016a	0			
foss/2016a	6245			
foss/2016b	126772			
foss/2018a	1			
foss/2018b	25380			
freebayes/1.1.0-foss-2016b	22846			
freebayes/1.2.0-foss-2018b	279			
freebayes/1.3.2-foss-2018b	128			
freeglut/3.0.0-foss-2016a-Mesa-11.2.1	1			
freeglut/3.0.0-foss-2016b	7279			
freetype/2.6.2-foss-2016a	205			
freetype/2.6.3-foss-2016a	1			
freetype/2.6.5-foss-2016b	21166			
freetype/2.7-foss-2016b	4			
freetype/2.7.1-GCCcore-5.4.0	12964			
freetype/2.7.1-GCCcore-6.3.0-libpng-1.6.29	0			
freetype/2.7.1-foss-2016b-harfbuzz-1.4.3	12959			
freetype/2.9.1-GCCcore-7.3.0	9851			
gettext/0.19.6	0			
gettext/0.19.6-foss-2016a	1			
gettext/0.19.7	0			
gettext/0.19.8	0			
gettext/0.19.8-foss-2016b	12974			
gettext/0.19.8.1	1			
gettext/0.19.8.1-GCCcore-6.3.0	0			
gettext/0.19.8.1-GCCcore-6.4.0-libxml2-2.9.7	1			
gettext/0.19.8.1-GCCcore-7.3.0	9813			
git/2.16.1-foss-2018a	1			
glproto/1.4.17-foss-2016a	0			
goleft/0.1.18	0			
gompi/2016a	6241			
gompi/2016b	126751			
gompi/2018a	5			
gompi/2018b	25384			
gperf/3.0.4-foss-2016a	0			
gperf/3.1-GCCcore-7.3.0	0			
help2man/1.47.4	1			
help2man/1.47.4-GCCcore-6.3.0	0			
help2man/1.47.4-GCCcore-6.4.0	1			
help2man/1.47.4-GCCcore-7.3.0	0			
hwloc/1.11.10-GCCcore-7.3.0	25738			
hwloc/1.11.2-GCC-4.9.3-2.25	6229			
hwloc/1.11.3-GCC-5.4.0-2.26	126752			
hwloc/1.11.8-GCCcore-6.4.0	5			
igraph/0.7.1-foss-2016b	3			
inputproto/2.3.1-foss-2016a	0			
inputproto/2.3.1-foss-2016b	7283			
intltool/0.51.0-GCCcore-7.3.0-Perl-5.28.0	0			
isaac2/02.16.03.09-foss-2016b	0			
jemalloc/4.2.0-foss-2016a	13			
jemalloc/4.2.0-foss-2016b	0			
jemalloc/5.1.0-GCCcore-7.3.0	388			
kallisto/0.42.5-foss-2016a	23			
kallisto/0.45.0	46			
kbproto/1.0.7-foss-2016a	0			
kbproto/1.0.7-foss-2016b	0			
libGLU/9.0.0-foss-2016a-Mesa-11.2.1	1			
libGLU/9.0.0-foss-2016b	7283			
libGLU/9.0.0-foss-2018b	9758			
libICE/1.0.9-foss-2016a	2			
libICE/1.0.9-foss-2016b	0			
libSM/1.2.2-foss-2016a	2			
libSM/1.2.2-foss-2016b	0			
libX11/1.6.3-foss-2016a	81			
libX11/1.6.3-foss-2016b	7290			
libXau/1.0.8-foss-2016a	81			
libXau/1.0.8-foss-2016b	7288			
libXdamage/1.1.4-foss-2016a	1			
libXdmcp/1.1.2-foss-2016a	81			
libXdmcp/1.1.2-foss-2016b	7285			
libXext/1.3.3-foss-2016a	1			
libXext/1.3.3-foss-2016b	7287			
libXfixes/5.0.1-foss-2016a	1			
libXfixes/5.0.1-foss-2016b	7280			
libXfont/1.5.1-foss-2016a-freetype-2.6.3	1			
libXft/2.3.2-foss-2016a-freetype-2.6.3	1			
libXi/1.7.2-foss-2016b	7281			
libXi/1.7.6-foss-2016a	1			
libXmu/1.1.2-foss-2016a	1			
libXpm/3.5.11-foss-2016a	1			
libXrandr/1.5.0-foss-2016a	1			
libXrandr/1.5.0-foss-2016b	7271			
libXrender/0.9.9-foss-2016a	2			
libXrender/0.9.9-foss-2016b	7277			
libXt/1.1.5-foss-2016a	2			
libXt/1.1.5-foss-2016b	0			
libarchive/3.4.2-GCCcore-7.3.0	1			
libcircle/0.3-gompi-2018b	1			
libdrm/2.4.68-foss-2016a	1			
libdrm/2.4.70-foss-2016b	12950			
libdrm/2.4.92-GCCcore-7.3.0	9755			
libedit/20180525-GCCcore-6.4.0	1			
libevent/2.1.8	0			
libevent/2.1.8-GCCcore-6.4.0	1			
libffi/3.2.1-GCCcore-7.3.0	11224			
libffi/3.2.1-foss-2016a	1			
libffi/3.2.1-foss-2016b	12985			
libfontenc/1.1.3-foss-2016a	0			
libgd/2.2.3-foss-2016b	0			
libgd/2.2.4-foss-2016b	73			
libgd/2.2.5-GCCcore-7.3.0	34			
libgeotiff/1.4.2-foss-2016b	7176			
libgeotiff/1.4.2-foss-2018b	9760			
libgtextutils/0.7-foss-2016a	0			
libgtextutils/0.7-foss-2016b	0			
libharu/2.3.0-foss-2016b	6			
libjpeg-turbo/1.4.2-foss-2016b	21			
libjpeg-turbo/1.5.0-foss-2016a	172			
libjpeg-turbo/1.5.0-foss-2016b	13604			
libjpeg-turbo/2.0.0-GCCcore-7.3.0	9801			
libpciaccess/0.13.4-foss-2016a	1			
libpciaccess/0.14-GCCcore-6.4.0	5			
libpciaccess/0.14-GCCcore-7.3.0	1			
libpng/1.6.21-foss-2016a	472			
libpng/1.6.23-foss-2016a	172			
libpng/1.6.23-foss-2016b	521			
libpng/1.6.24-foss-2016b	21312			
libpng/1.6.26-foss-2016b	4			
libpng/1.6.28-GCCcore-5.4.0	12959			
libpng/1.6.29-GCCcore-6.3.0	0			
libpng/1.6.34-GCCcore-7.3.0	9866			
libpthread-stubs/0.3-foss-2016a	0			
libpthread-stubs/0.3-foss-2016b	7296			
libreadline/6.3-foss-2016a	1794			
libreadline/6.3-foss-2016b	25620			
libreadline/7.0-GCCcore-7.3.0	11171			
libsndfile/1.0.28-GCCcore-7.3.0	9754			
libsodium/1.0.11-foss-2016b	21062			
libtool/2.4.6	2			
libtool/2.4.6-GCC-5.4.0-2.26	0			
libtool/2.4.6-GCCcore-6.3.0	0			
libtool/2.4.6-GCCcore-6.4.0	2			
libtool/2.4.6-GCCcore-7.3.0	4			
libtool/2.4.6-foss-2016a	0			
libtool/2.4.6-foss-2016b	0			
libwebp/0.6.1-foss-2016b	7191			
libxcb/1.11.1-foss-2016a	81			
libxcb/1.11.1-foss-2016b	7290			
libxml2/2.9.2-foss-2016a	0			
libxml2/2.9.3-foss-2016a	14			
libxml2/2.9.4-GCCcore-6.3.0	0			
libxml2/2.9.4-foss-2016a	172			
libxml2/2.9.4-foss-2016b	22608			
libxml2/2.9.4-foss-2016b-Python-2.7.12	0			
libxml2/2.9.7-GCCcore-6.4.0	5			
libxml2/2.9.8-GCCcore-7.3.0	10223			
libxslt/1.1.28-foss-2016a	0			
libxslt/1.1.29-foss-2016b	21272			
libyaml/0.1.7	1			
libyaml/0.2.1-GCCcore-7.3.0	5			
liftOver/2018-04-23	5			
liftOverPlink/20140325-foss-2016b-Python-2.7.13	0			
line_profiler/2.0-foss-2016b	0			
longranger/2.1.3	0			
longranger/2.1.4	0			
longranger/2.1.5	0			
longranger/2.2.2	7			
lpsolve/5.5.2.5-GCC-6.4.0-2.28	87			
lwgrp/1.0.2-gompi-2018b	1			
makedepend/1.0.5-foss-2016a	0			
matplotlib/1.5.1-foss-2016a-Python-2.7.11	205			
matplotlib/1.5.3-foss-2016b-Python-2.7.12	4			
matplotlib/2.2.3-foss-2018b-Python-2.7.15	41			
matplotlib/3.0.0-foss-2018b-Python-3.7.0	8			
miniconda/4.5.12	0			
miniconda/4.6.14	3945			
miniconda/4.7.10	3891			
miniconda/4.8.3	4795			
minimap2/2.12-foss-2016b	35			
mpifileutils/0.10.1-gompi-2018b	1			
multiisotonic/107a278-foss-2016b-Python-2.7.13	0			
mysqlclient/1.3.7-foss-2016a-Python-2.7.11	1			
ncbi-vdb/2.7.0-foss-2016b	6142			
ncurses/6.0	1			
ncurses/6.0-GCC-4.9.3-2.25	0			
ncurses/6.0-GCC-5.4.0-2.26	1			
ncurses/6.0-GCCcore-6.3.0	0			
ncurses/6.0-GCCcore-6.4.0	2			
ncurses/6.0-foss-2016a	1867			
ncurses/6.0-foss-2016b	41710			
ncurses/6.1-GCCcore-7.3.0	20038			
netCDF/4.4.1-foss-2016a	172			
netCDF/4.4.1-foss-2016b	6385			
netCDF/4.4.1.1-foss-2016b	21145			
netCDF/4.5.0-foss-2016b	7289			
netCDF/4.6.1-foss-2018b	9781			
nettle/3.2-foss-2016b	12951			
nettle/3.4-foss-2018b	9760			
networkx/2.5-foss-2018b-Python-3.7.0	4			
numactl/2.0.11-GCC-4.9.3-2.25	6229			
numactl/2.0.11-GCC-5.4.0-2.26	126742			
numactl/2.0.11-GCCcore-6.4.0	5			
numactl/2.0.11-GCCcore-7.3.0	25739			
omniCLIP/0.1.0-foss-2016b	0			
pRESTO/0.5.4-foss-2016b-Python-3.5.1	0			
parallel/20180322-foss-2016b	3604			
parallel/20180822-foss-2018b	474			
picard/2.1.1-Java-1.8.0_92	206			
picard/2.9.0-Java-1.8.0_121	9139			
pigz/2.4-GCCcore-7.3.0	2565			
pixman/0.34.0-GCCcore-7.3.0	9760			
pixman/0.34.0-foss-2016b	12967			
pkg-config/0.29-foss-2016a	0			
pkg-config/0.29-foss-2016b	0			
pkg-config/0.29.1-GCCcore-6.3.0	0			
pkg-config/0.29.1-foss-2016a	0			
pkg-config/0.29.1-foss-2016b	12968			
pkg-config/0.29.2-GCCcore-7.3.0	8			
poppler/0.54.0-foss-2016b	7177			
python-igraph/0.7.1.post6-foss-2016b-Python-2.7.13	0			
rMATS/3.2.5-foss-2016b	0			
rMATS/4.0.2-foss-2018b	3			
rainbow/2.0.4-foss-2016a	0			
randrproto/1.5.0-foss-2016a	0			
randrproto/1.5.0-foss-2016b	0			
renderproto/0.11-foss-2016a	0			
renderproto/0.11-foss-2016b	0			
revbayes/1.0.11-foss-2018b	0			
rpy2/2.8.6-foss-2016b-Python-2.7.13	0			
rpy2/2.8.6-foss-2016b-Python-3.5.1	1			
sbt/1.3.10	3			
shRNA/0.1-foss-2016a	5			
slurm-drmaa/1.0.7-foss-2016b	21071			
sparsehash/2.0.2-foss-2016a	0			
sparsehash/2.0.2-foss-2016b	1			
stress-ng/0.08.07	1			
stress-ng/0.08.07-foss-2016a	0			
stress-ng/0.08.07-foss-2016b	0			
supernova/1.1.5	0			
supernova/1.2.0	0			
supernova/1.2.1	0			
supernova/2.0.0	0			
supernova/2.0.1	0			
supernova/2.1.1	8			
tabix/0.2.6-GCCcore-7.3.0	25			
tabix/0.2.6-foss-2016a	20			
tabix/0.2.6-foss-2016b	51763			
tbb/2018_U5-GCCcore-7.3.0	457			
tmux/2.9a	0			
util-linux/2.29-foss-2016b	21073			
util-linux/2.32-GCCcore-7.3.0	9904			
xcb-proto/1.11	0			
xextproto/7.3.0-foss-2016a	0			
xextproto/7.3.0-foss-2016b	7288			
xorg-macros/1.19.0-foss-2016a	0			
xorg-macros/1.19.0-foss-2016b	0			
xorg-macros/1.19.1-GCCcore-6.4.0	1			
xorg-macros/1.19.2-GCCcore-7.3.0	1			
xproto/7.0.28-foss-2016a	0			
xproto/7.0.28-foss-2016b	7290			
xtrans/1.3.5-foss-2016a	2			
xtrans/1.3.5-foss-2016b	0			
ycga-public/1.0	1286			
zlib/1.2.11	9			
zlib/1.2.11-GCCcore-5.4.0	25985			
zlib/1.2.11-GCCcore-6.3.0	0			
zlib/1.2.11-GCCcore-6.4.0	91			
zlib/1.2.11-GCCcore-7.3.0	29557			
zlib/1.2.11-foss-2016a	10			
zlib/1.2.8	1			
zlib/1.2.8-GCCcore-4.9.3	0			
zlib/1.2.8-GCCcore-5.4.0	0			
zlib/1.2.8-foss-2016a	2232			
zlib/1.2.8-foss-2016b	89859			